/*
 Navicat Premium Data Transfer

 Source Server         : localhost_3306
 Source Server Type    : MySQL
 Source Server Version : 80022
 Source Host           : localhost:3306
 Source Schema         : project

 Target Server Type    : MySQL
 Target Server Version : 80022
 File Encoding         : 65001

 Date: 04/01/2021 15:41:54
*/

SET NAMES utf8mb4;
SET FOREIGN_KEY_CHECKS = 0;

-- ----------------------------
-- Table structure for project_info
-- ----------------------------
DROP TABLE IF EXISTS `project_info`;
CREATE TABLE `project_info`  (
  `pid` int(0) NOT NULL AUTO_INCREMENT,
  `start_time` date NOT NULL,
  `end_time` date NULL DEFAULT NULL,
  `project_name` varchar(255) CHARACTER SET utf8mb4 COLLATE utf8mb4_general_ci NOT NULL,
  `group_leader` varchar(255) CHARACTER SET utf8mb4 COLLATE utf8mb4_general_ci NOT NULL,
  `project_desc` varchar(255) CHARACTER SET utf8mb4 COLLATE utf8mb4_general_ci NOT NULL,
  `teacher_name` varchar(255) CHARACTER SET utf8mb4 COLLATE utf8mb4_general_ci NOT NULL,
  `project_type` varchar(255) CHARACTER SET utf8mb4 COLLATE utf8mb4_general_ci NOT NULL,
  PRIMARY KEY (`pid`) USING BTREE
) ENGINE = InnoDB AUTO_INCREMENT = 29 CHARACTER SET = utf8mb4 COLLATE = utf8mb4_general_ci ROW_FORMAT = Dynamic;

-- ----------------------------
-- Records of project_info
-- ----------------------------
INSERT INTO `project_info` VALUES (27, '2021-01-01', '2021-01-03', '京东茅台抢购神器开发', '夏冰雹', '通过我这段时间的使用（2020-12-12至2020-12-17），证实这个脚本确实能抢到茅台。我自己三个账号抢了四瓶，帮两个朋友抢了4瓶。 大家只要确认自己配置文件没有问题，Cookie没有失效，坚持下去总能成功的。', '宋永红', 'web');
INSERT INTO `project_info` VALUES (28, '2021-01-03', '2021-01-08', 'pythonstock V1 项目', '关羽儿', '特别说明：股市有风险投资需谨慎，本项目只能用于Python代码学习，股票分析，投资失败亏钱不负责，不算BUG', '宋永红', 'desktop');

-- ----------------------------
-- Table structure for project_member_info
-- ----------------------------
DROP TABLE IF EXISTS `project_member_info`;
CREATE TABLE `project_member_info`  (
  `id` int(0) NOT NULL AUTO_INCREMENT,
  `pid` int(0) NOT NULL,
  `sid` varchar(255) CHARACTER SET utf8mb4 COLLATE utf8mb4_general_ci NOT NULL,
  `position` varchar(255) CHARACTER SET utf8mb4 COLLATE utf8mb4_general_ci NOT NULL,
  PRIMARY KEY (`id`) USING BTREE,
  INDEX `pid`(`pid`) USING BTREE,
  CONSTRAINT `project_member_info_ibfk_1` FOREIGN KEY (`pid`) REFERENCES `project_info` (`pid`) ON DELETE CASCADE ON UPDATE CASCADE
) ENGINE = InnoDB AUTO_INCREMENT = 35 CHARACTER SET = utf8mb4 COLLATE = utf8mb4_general_ci ROW_FORMAT = Dynamic;

-- ----------------------------
-- Records of project_member_info
-- ----------------------------
INSERT INTO `project_member_info` VALUES (25, 28, '2184612224', '后端工程师');
INSERT INTO `project_member_info` VALUES (26, 28, '2184612230', '系统设计师');
INSERT INTO `project_member_info` VALUES (27, 28, '2184612240', '系统分析师');
INSERT INTO `project_member_info` VALUES (28, 28, '2184612226', '系统分析师');
INSERT INTO `project_member_info` VALUES (33, 27, '2184612241', '系统设计师');
INSERT INTO `project_member_info` VALUES (34, 27, '2184612223', '前端工程师');

-- ----------------------------
-- Table structure for project_score
-- ----------------------------
DROP TABLE IF EXISTS `project_score`;
CREATE TABLE `project_score`  (
  `id` int(0) NULL DEFAULT NULL COMMENT '冗余字段，为多个项目准备',
  `sid` varchar(255) CHARACTER SET utf8mb4 COLLATE utf8mb4_general_ci NOT NULL,
  `total_score` int(0) NOT NULL,
  `process_score` int(0) NOT NULL,
  `docs_score` int(0) NOT NULL,
  `completion_score` int(0) NOT NULL,
  `presentation_score` int(0) NOT NULL,
  `feedback` varchar(2048) CHARACTER SET utf8mb4 COLLATE utf8mb4_general_ci NOT NULL,
  `is_released` int(1) UNSIGNED ZEROFILL NOT NULL,
  PRIMARY KEY (`sid`) USING BTREE
) ENGINE = InnoDB AUTO_INCREMENT = 14 CHARACTER SET = utf8mb4 COLLATE = utf8mb4_general_ci ROW_FORMAT = Dynamic;

-- ----------------------------
-- Records of project_score
-- ----------------------------
INSERT INTO `project_score` VALUES (14, '2184612223', 77, 87, 57, 86, 76, '该生遵纪守法，进取参加社会实践和文体活动。团体观念强，劳动进取肯干。学习目的明确，态度认真，肯钻研，勤思考，学风踏实，时间观念强，能认真地按时按量保证质量完成各项学习任务，成绩优异。能吃苦，帮忙同学，尊敬师长。有梦想抱负，各科发展全面，具有较好的综合素质。', 1);
INSERT INTO `project_score` VALUES (10, '2184612241', 55, 94, 9, 86, 92, '该生遵纪守法，进取参加社会实践和文体活动。团体观念强，劳动进取肯干。学习目的明确，态度认真，肯钻研，勤思考，学风踏实，时间观念强，能认真地按时按量保证质量完成各项学习任务，成绩优异。能吃苦，帮忙同学，尊敬师长。有梦想抱负，各科发展全面，具有较好的综合素质。', 1);

-- ----------------------------
-- Table structure for project_scoring_rules
-- ----------------------------
DROP TABLE IF EXISTS `project_scoring_rules`;
CREATE TABLE `project_scoring_rules`  (
  `id` int(0) NOT NULL AUTO_INCREMENT,
  `rule_name` varchar(255) CHARACTER SET utf8mb4 COLLATE utf8mb4_general_ci NULL DEFAULT NULL,
  `ratio` int(0) NULL DEFAULT NULL,
  PRIMARY KEY (`id`) USING BTREE
) ENGINE = InnoDB AUTO_INCREMENT = 5 CHARACTER SET = utf8mb4 COLLATE = utf8mb4_general_ci ROW_FORMAT = Dynamic;

-- ----------------------------
-- Records of project_scoring_rules
-- ----------------------------
INSERT INTO `project_scoring_rules` VALUES (1, '过程考核', 20);
INSERT INTO `project_scoring_rules` VALUES (2, '文档及报告', 20);
INSERT INTO `project_scoring_rules` VALUES (3, '完成情况', 30);
INSERT INTO `project_scoring_rules` VALUES (4, '答辩表现', 30);

-- ----------------------------
-- Table structure for qrtz_blob_triggers
-- ----------------------------
DROP TABLE IF EXISTS `qrtz_blob_triggers`;
CREATE TABLE `qrtz_blob_triggers`  (
  `SCHED_NAME` varchar(120) CHARACTER SET utf8mb4 COLLATE utf8mb4_general_ci NOT NULL,
  `TRIGGER_NAME` varchar(200) CHARACTER SET utf8mb4 COLLATE utf8mb4_general_ci NOT NULL,
  `TRIGGER_GROUP` varchar(200) CHARACTER SET utf8mb4 COLLATE utf8mb4_general_ci NOT NULL,
  `BLOB_DATA` blob NULL,
  PRIMARY KEY (`SCHED_NAME`, `TRIGGER_NAME`, `TRIGGER_GROUP`) USING BTREE,
  CONSTRAINT `qrtz_blob_triggers_ibfk_1` FOREIGN KEY (`SCHED_NAME`, `TRIGGER_NAME`, `TRIGGER_GROUP`) REFERENCES `qrtz_triggers` (`SCHED_NAME`, `TRIGGER_NAME`, `TRIGGER_GROUP`) ON DELETE RESTRICT ON UPDATE RESTRICT
) ENGINE = InnoDB CHARACTER SET = utf8mb4 COLLATE = utf8mb4_general_ci ROW_FORMAT = Dynamic;

-- ----------------------------
-- Table structure for qrtz_calendars
-- ----------------------------
DROP TABLE IF EXISTS `qrtz_calendars`;
CREATE TABLE `qrtz_calendars`  (
  `SCHED_NAME` varchar(120) CHARACTER SET utf8mb4 COLLATE utf8mb4_general_ci NOT NULL,
  `CALENDAR_NAME` varchar(200) CHARACTER SET utf8mb4 COLLATE utf8mb4_general_ci NOT NULL,
  `CALENDAR` blob NOT NULL,
  PRIMARY KEY (`SCHED_NAME`, `CALENDAR_NAME`) USING BTREE
) ENGINE = InnoDB CHARACTER SET = utf8mb4 COLLATE = utf8mb4_general_ci ROW_FORMAT = Dynamic;

-- ----------------------------
-- Table structure for qrtz_cron_triggers
-- ----------------------------
DROP TABLE IF EXISTS `qrtz_cron_triggers`;
CREATE TABLE `qrtz_cron_triggers`  (
  `SCHED_NAME` varchar(120) CHARACTER SET utf8mb4 COLLATE utf8mb4_general_ci NOT NULL,
  `TRIGGER_NAME` varchar(200) CHARACTER SET utf8mb4 COLLATE utf8mb4_general_ci NOT NULL,
  `TRIGGER_GROUP` varchar(200) CHARACTER SET utf8mb4 COLLATE utf8mb4_general_ci NOT NULL,
  `CRON_EXPRESSION` varchar(200) CHARACTER SET utf8mb4 COLLATE utf8mb4_general_ci NOT NULL,
  `TIME_ZONE_ID` varchar(80) CHARACTER SET utf8mb4 COLLATE utf8mb4_general_ci NULL DEFAULT NULL,
  PRIMARY KEY (`SCHED_NAME`, `TRIGGER_NAME`, `TRIGGER_GROUP`) USING BTREE,
  CONSTRAINT `qrtz_cron_triggers_ibfk_1` FOREIGN KEY (`SCHED_NAME`, `TRIGGER_NAME`, `TRIGGER_GROUP`) REFERENCES `qrtz_triggers` (`SCHED_NAME`, `TRIGGER_NAME`, `TRIGGER_GROUP`) ON DELETE RESTRICT ON UPDATE RESTRICT
) ENGINE = InnoDB CHARACTER SET = utf8mb4 COLLATE = utf8mb4_general_ci ROW_FORMAT = Dynamic;

-- ----------------------------
-- Records of qrtz_cron_triggers
-- ----------------------------
INSERT INTO `qrtz_cron_triggers` VALUES ('MyScheduler', 'TASK_1', 'DEFAULT', '0/1 * * * * ?1', 'Asia/Shanghai');
INSERT INTO `qrtz_cron_triggers` VALUES ('MyScheduler', 'TASK_11', 'DEFAULT', '0/5 * * * * ?', 'Asia/Shanghai');
INSERT INTO `qrtz_cron_triggers` VALUES ('MyScheduler', 'TASK_2', 'DEFAULT', '0/10 * * * * ?', 'Asia/Shanghai');
INSERT INTO `qrtz_cron_triggers` VALUES ('MyScheduler', 'TASK_3', 'DEFAULT', '0/1 * * * * ?', 'Asia/Shanghai');

-- ----------------------------
-- Table structure for qrtz_fired_triggers
-- ----------------------------
DROP TABLE IF EXISTS `qrtz_fired_triggers`;
CREATE TABLE `qrtz_fired_triggers`  (
  `SCHED_NAME` varchar(120) CHARACTER SET utf8mb4 COLLATE utf8mb4_general_ci NOT NULL,
  `ENTRY_ID` varchar(95) CHARACTER SET utf8mb4 COLLATE utf8mb4_general_ci NOT NULL,
  `TRIGGER_NAME` varchar(200) CHARACTER SET utf8mb4 COLLATE utf8mb4_general_ci NOT NULL,
  `TRIGGER_GROUP` varchar(200) CHARACTER SET utf8mb4 COLLATE utf8mb4_general_ci NOT NULL,
  `INSTANCE_NAME` varchar(200) CHARACTER SET utf8mb4 COLLATE utf8mb4_general_ci NOT NULL,
  `FIRED_TIME` bigint(0) NOT NULL,
  `SCHED_TIME` bigint(0) NOT NULL,
  `PRIORITY` int(0) NOT NULL,
  `STATE` varchar(16) CHARACTER SET utf8mb4 COLLATE utf8mb4_general_ci NOT NULL,
  `JOB_NAME` varchar(200) CHARACTER SET utf8mb4 COLLATE utf8mb4_general_ci NULL DEFAULT NULL,
  `JOB_GROUP` varchar(200) CHARACTER SET utf8mb4 COLLATE utf8mb4_general_ci NULL DEFAULT NULL,
  `IS_NONCONCURRENT` varchar(1) CHARACTER SET utf8mb4 COLLATE utf8mb4_general_ci NULL DEFAULT NULL,
  `REQUESTS_RECOVERY` varchar(1) CHARACTER SET utf8mb4 COLLATE utf8mb4_general_ci NULL DEFAULT NULL,
  PRIMARY KEY (`SCHED_NAME`, `ENTRY_ID`) USING BTREE
) ENGINE = InnoDB CHARACTER SET = utf8mb4 COLLATE = utf8mb4_general_ci ROW_FORMAT = Dynamic;

-- ----------------------------
-- Records of qrtz_fired_triggers
-- ----------------------------
INSERT INTO `qrtz_fired_triggers` VALUES ('MyScheduler', 'DESKTOP-73K4U3K16097433223391609743325228', 'TASK_3', 'DEFAULT', 'DESKTOP-73K4U3K1609743322339', 1609746116205, 1609746117000, 5, 'ACQUIRED', NULL, NULL, '0', '0');

-- ----------------------------
-- Table structure for qrtz_job_details
-- ----------------------------
DROP TABLE IF EXISTS `qrtz_job_details`;
CREATE TABLE `qrtz_job_details`  (
  `SCHED_NAME` varchar(120) CHARACTER SET utf8mb4 COLLATE utf8mb4_general_ci NOT NULL,
  `JOB_NAME` varchar(200) CHARACTER SET utf8mb4 COLLATE utf8mb4_general_ci NOT NULL,
  `JOB_GROUP` varchar(200) CHARACTER SET utf8mb4 COLLATE utf8mb4_general_ci NOT NULL,
  `DESCRIPTION` varchar(250) CHARACTER SET utf8mb4 COLLATE utf8mb4_general_ci NULL DEFAULT NULL,
  `JOB_CLASS_NAME` varchar(250) CHARACTER SET utf8mb4 COLLATE utf8mb4_general_ci NOT NULL,
  `IS_DURABLE` varchar(1) CHARACTER SET utf8mb4 COLLATE utf8mb4_general_ci NOT NULL,
  `IS_NONCONCURRENT` varchar(1) CHARACTER SET utf8mb4 COLLATE utf8mb4_general_ci NOT NULL,
  `IS_UPDATE_DATA` varchar(1) CHARACTER SET utf8mb4 COLLATE utf8mb4_general_ci NOT NULL,
  `REQUESTS_RECOVERY` varchar(1) CHARACTER SET utf8mb4 COLLATE utf8mb4_general_ci NOT NULL,
  `JOB_DATA` blob NULL,
  PRIMARY KEY (`SCHED_NAME`, `JOB_NAME`, `JOB_GROUP`) USING BTREE
) ENGINE = InnoDB CHARACTER SET = utf8mb4 COLLATE = utf8mb4_general_ci ROW_FORMAT = Dynamic;

-- ----------------------------
-- Records of qrtz_job_details
-- ----------------------------
INSERT INTO `qrtz_job_details` VALUES ('MyScheduler', 'TASK_1', 'DEFAULT', NULL, 'cc.mrbird.febs.job.util.ScheduleJob', '0', '0', '0', '0', 0xACED0005737200156F72672E71756172747A2E4A6F62446174614D61709FB083E8BFA9B0CB020000787200266F72672E71756172747A2E7574696C732E537472696E674B65794469727479466C61674D61708208E8C3FBC55D280200015A0013616C6C6F77735472616E7369656E74446174617872001D6F72672E71756172747A2E7574696C732E4469727479466C61674D617013E62EAD28760ACE0200025A000564697274794C00036D617074000F4C6A6176612F7574696C2F4D61703B787001737200116A6176612E7574696C2E486173684D61700507DAC1C31660D103000246000A6C6F6164466163746F724900097468726573686F6C6478703F4000000000000C7708000000100000000174000D4A4F425F504152414D5F4B45597372001D63632E6D72626972642E666562732E6A6F622E646F6D61696E2E4A6F62058D52AC1093A3040200084C00086265616E4E616D657400124C6A6176612F6C616E672F537472696E673B4C000A63726561746554696D657400104C6A6176612F7574696C2F446174653B4C000E63726F6E45787072657373696F6E71007E00094C00056A6F6249647400104C6A6176612F6C616E672F4C6F6E673B4C000A6D6574686F644E616D6571007E00094C0006706172616D7371007E00094C000672656D61726B71007E00094C000673746174757371007E00097870740008746573745461736B7372000E6A6176612E7574696C2E44617465686A81014B5974190300007870770800000161C6EB70707874000E302F31202A202A202A202A203F317372000E6A6176612E6C616E672E4C6F6E673B8BE490CC8F23DF0200014A000576616C7565787200106A6176612E6C616E672E4E756D62657286AC951D0B94E08B02000078700000000000000001740004746573747400066D7262697264740018E69C89E58F82E4BBBBE58AA1E8B083E5BAA6E6B58BE8AF95740001317800);
INSERT INTO `qrtz_job_details` VALUES ('MyScheduler', 'TASK_11', 'DEFAULT', NULL, 'cc.mrbird.febs.job.util.ScheduleJob', '0', '0', '0', '0', 0xACED0005737200156F72672E71756172747A2E4A6F62446174614D61709FB083E8BFA9B0CB020000787200266F72672E71756172747A2E7574696C732E537472696E674B65794469727479466C61674D61708208E8C3FBC55D280200015A0013616C6C6F77735472616E7369656E74446174617872001D6F72672E71756172747A2E7574696C732E4469727479466C61674D617013E62EAD28760ACE0200025A000564697274794C00036D617074000F4C6A6176612F7574696C2F4D61703B787001737200116A6176612E7574696C2E486173684D61700507DAC1C31660D103000246000A6C6F6164466163746F724900097468726573686F6C6478703F4000000000000C7708000000100000000174000D4A4F425F504152414D5F4B45597372001D63632E6D72626972642E666562732E6A6F622E646F6D61696E2E4A6F62058D52AC1093A3040200084C00086265616E4E616D657400124C6A6176612F6C616E672F537472696E673B4C000A63726561746554696D657400104C6A6176612F7574696C2F446174653B4C000E63726F6E45787072657373696F6E71007E00094C00056A6F6249647400104C6A6176612F6C616E672F4C6F6E673B4C000A6D6574686F644E616D6571007E00094C0006706172616D7371007E00094C000672656D61726B71007E00094C000673746174757371007E00097870740008746573745461736B7372000E6A6176612E7574696C2E44617465686A81014B5974190300007870770800000161D01BAC507874000D302F35202A202A202A202A203F7372000E6A6176612E6C616E672E4C6F6E673B8BE490CC8F23DF0200014A000576616C7565787200106A6176612E6C616E672E4E756D62657286AC951D0B94E08B0200007870000000000000000B74000574657374327074000CE6B58BE8AF95E5BC82E5B8B8740001317800);
INSERT INTO `qrtz_job_details` VALUES ('MyScheduler', 'TASK_2', 'DEFAULT', NULL, 'cc.mrbird.febs.job.util.ScheduleJob', '0', '0', '0', '0', 0xACED0005737200156F72672E71756172747A2E4A6F62446174614D61709FB083E8BFA9B0CB020000787200266F72672E71756172747A2E7574696C732E537472696E674B65794469727479466C61674D61708208E8C3FBC55D280200015A0013616C6C6F77735472616E7369656E74446174617872001D6F72672E71756172747A2E7574696C732E4469727479466C61674D617013E62EAD28760ACE0200025A000564697274794C00036D617074000F4C6A6176612F7574696C2F4D61703B787001737200116A6176612E7574696C2E486173684D61700507DAC1C31660D103000246000A6C6F6164466163746F724900097468726573686F6C6478703F4000000000000C7708000000100000000174000D4A4F425F504152414D5F4B45597372001D63632E6D72626972642E666562732E6A6F622E646F6D61696E2E4A6F62058D52AC1093A3040200084C00086265616E4E616D657400124C6A6176612F6C616E672F537472696E673B4C000A63726561746554696D657400104C6A6176612F7574696C2F446174653B4C000E63726F6E45787072657373696F6E71007E00094C00056A6F6249647400104C6A6176612F6C616E672F4C6F6E673B4C000A6D6574686F644E616D6571007E00094C0006706172616D7371007E00094C000672656D61726B71007E00094C000673746174757371007E00097870740008746573745461736B7372000E6A6176612E7574696C2E44617465686A81014B5974190300007870770800000161C71032987874000E302F3130202A202A202A202A203F7372000E6A6176612E6C616E672E4C6F6E673B8BE490CC8F23DF0200014A000576616C7565787200106A6176612E6C616E672E4E756D62657286AC951D0B94E08B02000078700000000000000002740005746573743170740018E697A0E58F82E4BBBBE58AA1E8B083E5BAA6E6B58BE8AF95740001317800);
INSERT INTO `qrtz_job_details` VALUES ('MyScheduler', 'TASK_3', 'DEFAULT', NULL, 'cc.mrbird.febs.job.util.ScheduleJob', '0', '0', '0', '0', 0xACED0005737200156F72672E71756172747A2E4A6F62446174614D61709FB083E8BFA9B0CB020000787200266F72672E71756172747A2E7574696C732E537472696E674B65794469727479466C61674D61708208E8C3FBC55D280200015A0013616C6C6F77735472616E7369656E74446174617872001D6F72672E71756172747A2E7574696C732E4469727479466C61674D617013E62EAD28760ACE0200025A000564697274794C00036D617074000F4C6A6176612F7574696C2F4D61703B787001737200116A6176612E7574696C2E486173684D61700507DAC1C31660D103000246000A6C6F6164466163746F724900097468726573686F6C6478703F4000000000000C7708000000100000000174000D4A4F425F504152414D5F4B45597372001D63632E6D72626972642E666562732E6A6F622E646F6D61696E2E4A6F62058D52AC1093A3040200084C00086265616E4E616D657400124C6A6176612F6C616E672F537472696E673B4C000A63726561746554696D657400104C6A6176612F7574696C2F446174653B4C000E63726F6E45787072657373696F6E71007E00094C00056A6F6249647400104C6A6176612F6C616E672F4C6F6E673B4C000A6D6574686F644E616D6571007E00094C0006706172616D7371007E00094C000672656D61726B71007E00094C000673746174757371007E00097870740008746573745461736B7372000E6A6176612E7574696C2E44617465686A81014B5974190300007870770800000161CFB9A6907874000D302F31202A202A202A202A203F7372000E6A6176612E6C616E672E4C6F6E673B8BE490CC8F23DF0200014A000576616C7565787200106A6176612E6C616E672E4E756D62657286AC951D0B94E08B020000787000000000000000037400047465737474000B68656C6C6F20776F726C6474002BE69C89E58F82E4BBBBE58AA1E8B083E5BAA6E6B58BE8AF952CE6AF8FE99A94E4B880E7A792E8A7A6E58F91740001317800);

-- ----------------------------
-- Table structure for qrtz_locks
-- ----------------------------
DROP TABLE IF EXISTS `qrtz_locks`;
CREATE TABLE `qrtz_locks`  (
  `SCHED_NAME` varchar(120) CHARACTER SET utf8mb4 COLLATE utf8mb4_general_ci NOT NULL,
  `LOCK_NAME` varchar(40) CHARACTER SET utf8mb4 COLLATE utf8mb4_general_ci NOT NULL,
  PRIMARY KEY (`SCHED_NAME`, `LOCK_NAME`) USING BTREE
) ENGINE = InnoDB CHARACTER SET = utf8mb4 COLLATE = utf8mb4_general_ci ROW_FORMAT = Dynamic;

-- ----------------------------
-- Records of qrtz_locks
-- ----------------------------
INSERT INTO `qrtz_locks` VALUES ('MyScheduler', 'STATE_ACCESS');
INSERT INTO `qrtz_locks` VALUES ('MyScheduler', 'TRIGGER_ACCESS');

-- ----------------------------
-- Table structure for qrtz_paused_trigger_grps
-- ----------------------------
DROP TABLE IF EXISTS `qrtz_paused_trigger_grps`;
CREATE TABLE `qrtz_paused_trigger_grps`  (
  `SCHED_NAME` varchar(120) CHARACTER SET utf8mb4 COLLATE utf8mb4_general_ci NOT NULL,
  `TRIGGER_GROUP` varchar(200) CHARACTER SET utf8mb4 COLLATE utf8mb4_general_ci NOT NULL,
  PRIMARY KEY (`SCHED_NAME`, `TRIGGER_GROUP`) USING BTREE
) ENGINE = InnoDB CHARACTER SET = utf8mb4 COLLATE = utf8mb4_general_ci ROW_FORMAT = Dynamic;

-- ----------------------------
-- Table structure for qrtz_scheduler_state
-- ----------------------------
DROP TABLE IF EXISTS `qrtz_scheduler_state`;
CREATE TABLE `qrtz_scheduler_state`  (
  `SCHED_NAME` varchar(120) CHARACTER SET utf8mb4 COLLATE utf8mb4_general_ci NOT NULL,
  `INSTANCE_NAME` varchar(200) CHARACTER SET utf8mb4 COLLATE utf8mb4_general_ci NOT NULL,
  `LAST_CHECKIN_TIME` bigint(0) NOT NULL,
  `CHECKIN_INTERVAL` bigint(0) NOT NULL,
  PRIMARY KEY (`SCHED_NAME`, `INSTANCE_NAME`) USING BTREE
) ENGINE = InnoDB CHARACTER SET = utf8mb4 COLLATE = utf8mb4_general_ci ROW_FORMAT = Dynamic;

-- ----------------------------
-- Records of qrtz_scheduler_state
-- ----------------------------
INSERT INTO `qrtz_scheduler_state` VALUES ('MyScheduler', 'DESKTOP-73K4U3K1609743322339', 1609746115318, 15000);

-- ----------------------------
-- Table structure for qrtz_simple_triggers
-- ----------------------------
DROP TABLE IF EXISTS `qrtz_simple_triggers`;
CREATE TABLE `qrtz_simple_triggers`  (
  `SCHED_NAME` varchar(120) CHARACTER SET utf8mb4 COLLATE utf8mb4_general_ci NOT NULL,
  `TRIGGER_NAME` varchar(200) CHARACTER SET utf8mb4 COLLATE utf8mb4_general_ci NOT NULL,
  `TRIGGER_GROUP` varchar(200) CHARACTER SET utf8mb4 COLLATE utf8mb4_general_ci NOT NULL,
  `REPEAT_COUNT` bigint(0) NOT NULL,
  `REPEAT_INTERVAL` bigint(0) NOT NULL,
  `TIMES_TRIGGERED` bigint(0) NOT NULL,
  PRIMARY KEY (`SCHED_NAME`, `TRIGGER_NAME`, `TRIGGER_GROUP`) USING BTREE,
  CONSTRAINT `qrtz_simple_triggers_ibfk_1` FOREIGN KEY (`SCHED_NAME`, `TRIGGER_NAME`, `TRIGGER_GROUP`) REFERENCES `qrtz_triggers` (`SCHED_NAME`, `TRIGGER_NAME`, `TRIGGER_GROUP`) ON DELETE RESTRICT ON UPDATE RESTRICT
) ENGINE = InnoDB CHARACTER SET = utf8mb4 COLLATE = utf8mb4_general_ci ROW_FORMAT = Dynamic;

-- ----------------------------
-- Table structure for qrtz_simprop_triggers
-- ----------------------------
DROP TABLE IF EXISTS `qrtz_simprop_triggers`;
CREATE TABLE `qrtz_simprop_triggers`  (
  `SCHED_NAME` varchar(120) CHARACTER SET utf8mb4 COLLATE utf8mb4_general_ci NOT NULL,
  `TRIGGER_NAME` varchar(200) CHARACTER SET utf8mb4 COLLATE utf8mb4_general_ci NOT NULL,
  `TRIGGER_GROUP` varchar(200) CHARACTER SET utf8mb4 COLLATE utf8mb4_general_ci NOT NULL,
  `STR_PROP_1` varchar(512) CHARACTER SET utf8mb4 COLLATE utf8mb4_general_ci NULL DEFAULT NULL,
  `STR_PROP_2` varchar(512) CHARACTER SET utf8mb4 COLLATE utf8mb4_general_ci NULL DEFAULT NULL,
  `STR_PROP_3` varchar(512) CHARACTER SET utf8mb4 COLLATE utf8mb4_general_ci NULL DEFAULT NULL,
  `INT_PROP_1` int(0) NULL DEFAULT NULL,
  `INT_PROP_2` int(0) NULL DEFAULT NULL,
  `LONG_PROP_1` bigint(0) NULL DEFAULT NULL,
  `LONG_PROP_2` bigint(0) NULL DEFAULT NULL,
  `DEC_PROP_1` decimal(13, 4) NULL DEFAULT NULL,
  `DEC_PROP_2` decimal(13, 4) NULL DEFAULT NULL,
  `BOOL_PROP_1` varchar(1) CHARACTER SET utf8mb4 COLLATE utf8mb4_general_ci NULL DEFAULT NULL,
  `BOOL_PROP_2` varchar(1) CHARACTER SET utf8mb4 COLLATE utf8mb4_general_ci NULL DEFAULT NULL,
  PRIMARY KEY (`SCHED_NAME`, `TRIGGER_NAME`, `TRIGGER_GROUP`) USING BTREE,
  CONSTRAINT `qrtz_simprop_triggers_ibfk_1` FOREIGN KEY (`SCHED_NAME`, `TRIGGER_NAME`, `TRIGGER_GROUP`) REFERENCES `qrtz_triggers` (`SCHED_NAME`, `TRIGGER_NAME`, `TRIGGER_GROUP`) ON DELETE RESTRICT ON UPDATE RESTRICT
) ENGINE = InnoDB CHARACTER SET = utf8mb4 COLLATE = utf8mb4_general_ci ROW_FORMAT = Dynamic;

-- ----------------------------
-- Table structure for qrtz_triggers
-- ----------------------------
DROP TABLE IF EXISTS `qrtz_triggers`;
CREATE TABLE `qrtz_triggers`  (
  `SCHED_NAME` varchar(120) CHARACTER SET utf8mb4 COLLATE utf8mb4_general_ci NOT NULL,
  `TRIGGER_NAME` varchar(200) CHARACTER SET utf8mb4 COLLATE utf8mb4_general_ci NOT NULL,
  `TRIGGER_GROUP` varchar(200) CHARACTER SET utf8mb4 COLLATE utf8mb4_general_ci NOT NULL,
  `JOB_NAME` varchar(200) CHARACTER SET utf8mb4 COLLATE utf8mb4_general_ci NOT NULL,
  `JOB_GROUP` varchar(200) CHARACTER SET utf8mb4 COLLATE utf8mb4_general_ci NOT NULL,
  `DESCRIPTION` varchar(250) CHARACTER SET utf8mb4 COLLATE utf8mb4_general_ci NULL DEFAULT NULL,
  `NEXT_FIRE_TIME` bigint(0) NULL DEFAULT NULL,
  `PREV_FIRE_TIME` bigint(0) NULL DEFAULT NULL,
  `PRIORITY` int(0) NULL DEFAULT NULL,
  `TRIGGER_STATE` varchar(16) CHARACTER SET utf8mb4 COLLATE utf8mb4_general_ci NOT NULL,
  `TRIGGER_TYPE` varchar(8) CHARACTER SET utf8mb4 COLLATE utf8mb4_general_ci NOT NULL,
  `START_TIME` bigint(0) NOT NULL,
  `END_TIME` bigint(0) NULL DEFAULT NULL,
  `CALENDAR_NAME` varchar(200) CHARACTER SET utf8mb4 COLLATE utf8mb4_general_ci NULL DEFAULT NULL,
  `MISFIRE_INSTR` smallint(0) NULL DEFAULT NULL,
  `JOB_DATA` blob NULL,
  PRIMARY KEY (`SCHED_NAME`, `TRIGGER_NAME`, `TRIGGER_GROUP`) USING BTREE,
  INDEX `SCHED_NAME`(`SCHED_NAME`, `JOB_NAME`, `JOB_GROUP`) USING BTREE,
  CONSTRAINT `qrtz_triggers_ibfk_1` FOREIGN KEY (`SCHED_NAME`, `JOB_NAME`, `JOB_GROUP`) REFERENCES `qrtz_job_details` (`SCHED_NAME`, `JOB_NAME`, `JOB_GROUP`) ON DELETE RESTRICT ON UPDATE RESTRICT
) ENGINE = InnoDB CHARACTER SET = utf8mb4 COLLATE = utf8mb4_general_ci ROW_FORMAT = Dynamic;

-- ----------------------------
-- Records of qrtz_triggers
-- ----------------------------
INSERT INTO `qrtz_triggers` VALUES ('MyScheduler', 'TASK_1', 'DEFAULT', 'TASK_1', 'DEFAULT', NULL, 1588396206000, -1, 5, 'PAUSED', 'CRON', 1588396206000, 0, NULL, 2, 0xACED0005737200156F72672E71756172747A2E4A6F62446174614D61709FB083E8BFA9B0CB020000787200266F72672E71756172747A2E7574696C732E537472696E674B65794469727479466C61674D61708208E8C3FBC55D280200015A0013616C6C6F77735472616E7369656E74446174617872001D6F72672E71756172747A2E7574696C732E4469727479466C61674D617013E62EAD28760ACE0200025A000564697274794C00036D617074000F4C6A6176612F7574696C2F4D61703B787001737200116A6176612E7574696C2E486173684D61700507DAC1C31660D103000246000A6C6F6164466163746F724900097468726573686F6C6478703F4000000000000C7708000000100000000174000D4A4F425F504152414D5F4B45597372001D63632E6D72626972642E666562732E6A6F622E646F6D61696E2E4A6F62058D52AC1093A3040200084C00086265616E4E616D657400124C6A6176612F6C616E672F537472696E673B4C000A63726561746554696D657400104C6A6176612F7574696C2F446174653B4C000E63726F6E45787072657373696F6E71007E00094C00056A6F6249647400104C6A6176612F6C616E672F4C6F6E673B4C000A6D6574686F644E616D6571007E00094C0006706172616D7371007E00094C000672656D61726B71007E00094C000673746174757371007E00097870740008746573745461736B7372000E6A6176612E7574696C2E44617465686A81014B5974190300007870770800000161C6EB70707874000E302F31202A202A202A202A203F317372000E6A6176612E6C616E672E4C6F6E673B8BE490CC8F23DF0200014A000576616C7565787200106A6176612E6C616E672E4E756D62657286AC951D0B94E08B02000078700000000000000001740004746573747400066D7262697264740018E69C89E58F82E4BBBBE58AA1E8B083E5BAA6E6B58BE8AF95740001317800);
INSERT INTO `qrtz_triggers` VALUES ('MyScheduler', 'TASK_11', 'DEFAULT', 'TASK_11', 'DEFAULT', NULL, 1609746120000, 1609746115000, 5, 'WAITING', 'CRON', 1588396206000, 0, NULL, 2, 0xACED0005737200156F72672E71756172747A2E4A6F62446174614D61709FB083E8BFA9B0CB020000787200266F72672E71756172747A2E7574696C732E537472696E674B65794469727479466C61674D61708208E8C3FBC55D280200015A0013616C6C6F77735472616E7369656E74446174617872001D6F72672E71756172747A2E7574696C732E4469727479466C61674D617013E62EAD28760ACE0200025A000564697274794C00036D617074000F4C6A6176612F7574696C2F4D61703B787001737200116A6176612E7574696C2E486173684D61700507DAC1C31660D103000246000A6C6F6164466163746F724900097468726573686F6C6478703F4000000000000C7708000000100000000174000D4A4F425F504152414D5F4B45597372001D63632E6D72626972642E666562732E6A6F622E646F6D61696E2E4A6F62058D52AC1093A3040200084C00086265616E4E616D657400124C6A6176612F6C616E672F537472696E673B4C000A63726561746554696D657400104C6A6176612F7574696C2F446174653B4C000E63726F6E45787072657373696F6E71007E00094C00056A6F6249647400104C6A6176612F6C616E672F4C6F6E673B4C000A6D6574686F644E616D6571007E00094C0006706172616D7371007E00094C000672656D61726B71007E00094C000673746174757371007E00097870740008746573745461736B7372000E6A6176612E7574696C2E44617465686A81014B5974190300007870770800000161D01BAC507874000D302F35202A202A202A202A203F7372000E6A6176612E6C616E672E4C6F6E673B8BE490CC8F23DF0200014A000576616C7565787200106A6176612E6C616E672E4E756D62657286AC951D0B94E08B0200007870000000000000000B74000574657374327074000CE6B58BE8AF95E5BC82E5B8B8740001307800);
INSERT INTO `qrtz_triggers` VALUES ('MyScheduler', 'TASK_2', 'DEFAULT', 'TASK_2', 'DEFAULT', NULL, 1588396210000, -1, 5, 'PAUSED', 'CRON', 1588396206000, 0, NULL, 2, 0xACED0005737200156F72672E71756172747A2E4A6F62446174614D61709FB083E8BFA9B0CB020000787200266F72672E71756172747A2E7574696C732E537472696E674B65794469727479466C61674D61708208E8C3FBC55D280200015A0013616C6C6F77735472616E7369656E74446174617872001D6F72672E71756172747A2E7574696C732E4469727479466C61674D617013E62EAD28760ACE0200025A000564697274794C00036D617074000F4C6A6176612F7574696C2F4D61703B787001737200116A6176612E7574696C2E486173684D61700507DAC1C31660D103000246000A6C6F6164466163746F724900097468726573686F6C6478703F4000000000000C7708000000100000000174000D4A4F425F504152414D5F4B45597372001D63632E6D72626972642E666562732E6A6F622E646F6D61696E2E4A6F62058D52AC1093A3040200084C00086265616E4E616D657400124C6A6176612F6C616E672F537472696E673B4C000A63726561746554696D657400104C6A6176612F7574696C2F446174653B4C000E63726F6E45787072657373696F6E71007E00094C00056A6F6249647400104C6A6176612F6C616E672F4C6F6E673B4C000A6D6574686F644E616D6571007E00094C0006706172616D7371007E00094C000672656D61726B71007E00094C000673746174757371007E00097870740008746573745461736B7372000E6A6176612E7574696C2E44617465686A81014B5974190300007870770800000161C71032987874000E302F3130202A202A202A202A203F7372000E6A6176612E6C616E672E4C6F6E673B8BE490CC8F23DF0200014A000576616C7565787200106A6176612E6C616E672E4E756D62657286AC951D0B94E08B02000078700000000000000002740005746573743170740018E697A0E58F82E4BBBBE58AA1E8B083E5BAA6E6B58BE8AF95740001317800);
INSERT INTO `qrtz_triggers` VALUES ('MyScheduler', 'TASK_3', 'DEFAULT', 'TASK_3', 'DEFAULT', NULL, 1609746117000, 1609746116000, 5, 'ACQUIRED', 'CRON', 1588396206000, 0, NULL, 2, 0xACED0005737200156F72672E71756172747A2E4A6F62446174614D61709FB083E8BFA9B0CB020000787200266F72672E71756172747A2E7574696C732E537472696E674B65794469727479466C61674D61708208E8C3FBC55D280200015A0013616C6C6F77735472616E7369656E74446174617872001D6F72672E71756172747A2E7574696C732E4469727479466C61674D617013E62EAD28760ACE0200025A000564697274794C00036D617074000F4C6A6176612F7574696C2F4D61703B787001737200116A6176612E7574696C2E486173684D61700507DAC1C31660D103000246000A6C6F6164466163746F724900097468726573686F6C6478703F4000000000000C7708000000100000000174000D4A4F425F504152414D5F4B45597372001D63632E6D72626972642E666562732E6A6F622E646F6D61696E2E4A6F62058D52AC1093A3040200084C00086265616E4E616D657400124C6A6176612F6C616E672F537472696E673B4C000A63726561746554696D657400104C6A6176612F7574696C2F446174653B4C000E63726F6E45787072657373696F6E71007E00094C00056A6F6249647400104C6A6176612F6C616E672F4C6F6E673B4C000A6D6574686F644E616D6571007E00094C0006706172616D7371007E00094C000672656D61726B71007E00094C000673746174757371007E00097870740008746573745461736B7372000E6A6176612E7574696C2E44617465686A81014B5974190300007870770800000161CFB9A6907874000D302F31202A202A202A202A203F7372000E6A6176612E6C616E672E4C6F6E673B8BE490CC8F23DF0200014A000576616C7565787200106A6176612E6C616E672E4E756D62657286AC951D0B94E08B020000787000000000000000037400047465737474000B68656C6C6F20776F726C6474002BE69C89E58F82E4BBBBE58AA1E8B083E5BAA6E6B58BE8AF952CE6AF8FE99A94E4B880E7A792E8A7A6E58F91740001307800);

-- ----------------------------
-- Table structure for t_chunk_info
-- ----------------------------
DROP TABLE IF EXISTS `t_chunk_info`;
CREATE TABLE `t_chunk_info`  (
  `id` varchar(64) CHARACTER SET utf8 COLLATE utf8_general_ci NOT NULL,
  `chunk_number` decimal(10, 0) NOT NULL,
  `chunk_size` decimal(10, 0) NOT NULL,
  `current_chunkSize` decimal(10, 0) NOT NULL,
  `identifier` varchar(64) CHARACTER SET utf8 COLLATE utf8_general_ci NOT NULL,
  `filename` varchar(500) CHARACTER SET utf8 COLLATE utf8_general_ci NULL DEFAULT NULL,
  `relative_path` varchar(500) CHARACTER SET utf8 COLLATE utf8_general_ci NOT NULL,
  `total_chunks` decimal(10, 0) NOT NULL,
  `type` decimal(10, 0) NULL DEFAULT NULL
) ENGINE = InnoDB CHARACTER SET = utf8 COLLATE = utf8_general_ci ROW_FORMAT = Dynamic;

-- ----------------------------
-- Records of t_chunk_info
-- ----------------------------
INSERT INTO `t_chunk_info` VALUES ('793439118691401728793439118691401728', 1, 2048000, 148395, 'edd9327923f8f73ab90ec0af02f7ecd2', '周报8.pdf', '周报8.pdf', 1, NULL);
INSERT INTO `t_chunk_info` VALUES ('793440590137131008793440590137131008', 1, 2048000, 149722, '9ea05ec06ab7c65d354e4c7395d9b0cc', '周报10.pdf', '周报10.pdf', 1, NULL);
INSERT INTO `t_chunk_info` VALUES ('793475621886885888793475621886885888', 1, 2048000, 72373, '1f30b66f376d718b34a6b18c905314dc', '2020180050221596_0_1.jpg', '2020180050221596_0_1.jpg', 1, NULL);
INSERT INTO `t_chunk_info` VALUES ('793499812862361600793499812862361600', 1, 2048000, 1136237, '3b14b2a25aa273039d2f890cf373607b', '1-10期周报汇总.pdf', '1-10期周报汇总.pdf', 1, NULL);
INSERT INTO `t_chunk_info` VALUES ('793504149063860224793504149063860224', 1, 2048000, 34681, 'f4c5907551352df15c7310b1e44dbeb3', '周报8.docx', '周报8.docx', 1, NULL);
INSERT INTO `t_chunk_info` VALUES ('793504805258526720793504805258526720', 1, 2048000, 34704, '0a4e2518bc1839835eef5d967a4be0ca', '周报7.docx', '周报7.docx', 1, NULL);
INSERT INTO `t_chunk_info` VALUES ('793504928176799744793504928176799744', 1, 2048000, 34887, 'a2a36c9253c29db41a7956a83148da3a', '周报1.docx', '周报1.docx', 1, NULL);
INSERT INTO `t_chunk_info` VALUES ('793504928306823168793504928306823168', 1, 2048000, 34523, 'c3425949d82f6a73834fd37eb136376a', '周报2.docx', '周报2.docx', 1, NULL);
INSERT INTO `t_chunk_info` VALUES ('793504928621395968793504928621395968', 1, 2048000, 135133, '9b726a5cba13a52627e21701c73396ff', '周报1.pdf', '周报1.pdf', 1, NULL);
INSERT INTO `t_chunk_info` VALUES ('793504929082769408793504929082769408', 1, 2048000, 132459, 'b8e4e40513225efc50b5fffe8d2e9ebb', '周报2.pdf', '周报2.pdf', 1, NULL);
INSERT INTO `t_chunk_info` VALUES ('793504929405730816793504929405730816', 1, 2048000, 34307, 'c3d90b0120ab1fbe3cbb88554451352a', '周报3.docx', '周报3.docx', 1, NULL);
INSERT INTO `t_chunk_info` VALUES ('793504929414119424793504929414119424', 1, 2048000, 129562, '07f7dc442ee052983e58345f552a64a5', '周报3.pdf', '周报3.pdf', 1, NULL);
INSERT INTO `t_chunk_info` VALUES ('793509497426411520793509497426411520', 1, 2048000, 34248, '4a74cd2da25d38ac0d69a55acf9c312e', '周报4.docx', '周报4.docx', 1, NULL);
INSERT INTO `t_chunk_info` VALUES ('793509497443188736793509497443188736', 1, 2048000, 34760, 'd7fbf716872535580ade90731f2f0d65', '周报5.docx', '周报5.docx', 1, NULL);
INSERT INTO `t_chunk_info` VALUES ('793509497455771648793509497455771648', 1, 2048000, 137275, 'e79dfea569ebabea0c5add6fb3fed02f', '周报4.pdf', '周报4.pdf', 1, NULL);
INSERT INTO `t_chunk_info` VALUES ('793509497824870400793509497824870400', 1, 2048000, 146447, '5823bf392c42861222eb0f0000456a2b', '周报5.pdf', '周报5.pdf', 1, NULL);
INSERT INTO `t_chunk_info` VALUES ('793509497862619136793509497862619136', 1, 2048000, 34937, '8171e11bd5c5f34630228de39841ca64', '周报6.docx', '周报6.docx', 1, NULL);
INSERT INTO `t_chunk_info` VALUES ('793509704717303808793509704717303808', 1, 2048000, 150947, 'f9da3874287b50a8e1746830d4b04395', '周报6.pdf', '周报6.pdf', 1, NULL);
INSERT INTO `t_chunk_info` VALUES ('793511863001284608793511863001284608', 1, 2048000, 894993, '67059998879c2edc1c9887d9bafd1390', 'PPO (v3).pdf', 'PPO (v3).pdf', 1, NULL);
INSERT INTO `t_chunk_info` VALUES ('793512114982486016793512114982486016', 1, 2048000, 34830, '6fa9913db62ff628ed4f9ca9c91f58e3', '周报9.docx', '周报9.docx', 1, NULL);
INSERT INTO `t_chunk_info` VALUES ('793512114948931584793512114948931584', 1, 2048000, 34874, 'd897bcc12c04da4820b90eb80f41d78b', '周报10.docx', '周报10.docx', 1, NULL);
INSERT INTO `t_chunk_info` VALUES ('793512115469025280793512115469025280', 1, 2048000, 142463, '784972aa30be638ab0c4ae4571328e34', '周报7.pdf', '周报7.pdf', 1, NULL);
INSERT INTO `t_chunk_info` VALUES ('793512115527745536793512115527745536', 1, 2048000, 140580, 'd8190f7e83e696e93044544804be263a', '周报9.pdf', '周报9.pdf', 1, NULL);
INSERT INTO `t_chunk_info` VALUES ('794225925435686912794225925435686912', 1, 2048000, 69831, '241de5571cba9712e0e7227fca017f28', 'c68a546c8fd78216310e07f9ebe102b3_u=1702683113,312622161&fm=26&gp=0.jpg', 'c68a546c8fd78216310e07f9ebe102b3_u=1702683113,312622161&fm=26&gp=0.jpg', 1, NULL);
INSERT INTO `t_chunk_info` VALUES ('794226204277211136794226204277211136', 1, 2048000, 65497, 'a7006b225ccfb28fa38a8b216671807d', '8b475425171ce60abc3fadee80439f21f83bc0b8.jpg', '8b475425171ce60abc3fadee80439f21f83bc0b8.jpg', 1, NULL);
INSERT INTO `t_chunk_info` VALUES ('794226408724365312794226408724365312', 1, 2048000, 967096, 'a13db55ca9e679e659f87b56b4ae94a5', '小.png', '小.png', 1, NULL);
INSERT INTO `t_chunk_info` VALUES ('794226693807013888794226693807013888', 1, 2048000, 2048000, 'd3e42d5ff51c1de878df889ea856a0ab', 'wallhaven-2kjdyy_3840x2160.png', 'wallhaven-2kjdyy_3840x2160.png', 2, NULL);
INSERT INTO `t_chunk_info` VALUES ('794226694159335424794226694159335424', 2, 2048000, 2148080, 'd3e42d5ff51c1de878df889ea856a0ab', 'wallhaven-2kjdyy_3840x2160.png', 'wallhaven-2kjdyy_3840x2160.png', 2, NULL);
INSERT INTO `t_chunk_info` VALUES ('794227155276922880794227155276922880', 1, 2048000, 2048000, '345f951c51bb99223fa2350d3b43051d', 'wallhaven-1jg5lw_3840x2160.png', 'wallhaven-1jg5lw_3840x2160.png', 4, NULL);
INSERT INTO `t_chunk_info` VALUES ('794227155650215936794227155650215936', 2, 2048000, 2048000, '345f951c51bb99223fa2350d3b43051d', 'wallhaven-1jg5lw_3840x2160.png', 'wallhaven-1jg5lw_3840x2160.png', 4, NULL);
INSERT INTO `t_chunk_info` VALUES ('794227155746684928794227155746684928', 3, 2048000, 2048000, '345f951c51bb99223fa2350d3b43051d', 'wallhaven-1jg5lw_3840x2160.png', 'wallhaven-1jg5lw_3840x2160.png', 4, NULL);
INSERT INTO `t_chunk_info` VALUES ('794227155813793792794227155813793792', 4, 2048000, 2195384, '345f951c51bb99223fa2350d3b43051d', 'wallhaven-1jg5lw_3840x2160.png', 'wallhaven-1jg5lw_3840x2160.png', 4, NULL);
INSERT INTO `t_chunk_info` VALUES ('795310525977198592795310525977198592', 1, 2048000, 57081, '0503cbba1103187f20f5ec21c1751927', '缺陷报告.docx', '缺陷报告.docx', 1, NULL);
INSERT INTO `t_chunk_info` VALUES ('795322485489795072795322485489795072', 1, 2048000, 272177, 'e6146ac7c8b48ecca58faff92eb200eb', '报错解决办法.docx', '报错解决办法.docx', 1, NULL);
INSERT INTO `t_chunk_info` VALUES ('795343670239821824795343670239821824', 1, 2048000, 1675307, '6c38ffa875e889ba5f70a41704b244c9', '计算机组成.docx', '计算机组成.docx', 1, NULL);
INSERT INTO `t_chunk_info` VALUES ('795369036891291648795369036891291648', 1, 2048000, 763261, 'a22333ee07000aaea46b9b8a8c6a1bec', '设计文档.pdf', '设计文档.pdf', 1, NULL);
INSERT INTO `t_chunk_info` VALUES ('795370667619909632795370667619909632', 1, 2048000, 2048000, '55e60f6e8d4b09dd7c82f474821938da', 'wallhaven-6q8g26_3840x2160.png', 'wallhaven-6q8g26_3840x2160.png', 3, NULL);
INSERT INTO `t_chunk_info` VALUES ('795370667871567872795370667871567872', 2, 2048000, 2048000, '55e60f6e8d4b09dd7c82f474821938da', 'wallhaven-6q8g26_3840x2160.png', 'wallhaven-6q8g26_3840x2160.png', 3, NULL);
INSERT INTO `t_chunk_info` VALUES ('795370667921899520795370667921899520', 3, 2048000, 3339756, '55e60f6e8d4b09dd7c82f474821938da', 'wallhaven-6q8g26_3840x2160.png', 'wallhaven-6q8g26_3840x2160.png', 3, NULL);
INSERT INTO `t_chunk_info` VALUES ('795382195932889088795382195932889088', 1, 2048000, 80384, '1e2a92ff70d33b97e92168063e97de90', '软件需求说明书v0.5.doc', '软件需求说明书v0.5.doc', 1, NULL);
INSERT INTO `t_chunk_info` VALUES ('795384109709918208795384109709918208', 1, 2048000, 2048000, '8cea8f350112cdc5ef0dfb7ec15ec8d7', 'LinuxProbe.docx', 'LinuxProbe.docx', 10, NULL);
INSERT INTO `t_chunk_info` VALUES ('795384110590722048795384110590722048', 2, 2048000, 2048000, '8cea8f350112cdc5ef0dfb7ec15ec8d7', 'LinuxProbe.docx', 'LinuxProbe.docx', 10, NULL);
INSERT INTO `t_chunk_info` VALUES ('795384110607499264795384110607499264', 4, 2048000, 2048000, '8cea8f350112cdc5ef0dfb7ec15ec8d7', 'LinuxProbe.docx', 'LinuxProbe.docx', 10, NULL);
INSERT INTO `t_chunk_info` VALUES ('795384110607499264795384110607499264', 3, 2048000, 2048000, '8cea8f350112cdc5ef0dfb7ec15ec8d7', 'LinuxProbe.docx', 'LinuxProbe.docx', 10, NULL);
INSERT INTO `t_chunk_info` VALUES ('795384111236644864795384111236644864', 5, 2048000, 2048000, '8cea8f350112cdc5ef0dfb7ec15ec8d7', 'LinuxProbe.docx', 'LinuxProbe.docx', 10, NULL);
INSERT INTO `t_chunk_info` VALUES ('795384111266004992795384111266004992', 7, 2048000, 2048000, '8cea8f350112cdc5ef0dfb7ec15ec8d7', 'LinuxProbe.docx', 'LinuxProbe.docx', 10, NULL);
INSERT INTO `t_chunk_info` VALUES ('795384111299559424795384111299559424', 6, 2048000, 2048000, '8cea8f350112cdc5ef0dfb7ec15ec8d7', 'LinuxProbe.docx', 'LinuxProbe.docx', 10, NULL);
INSERT INTO `t_chunk_info` VALUES ('795384113136664576795384113136664576', 9, 2048000, 2048000, '8cea8f350112cdc5ef0dfb7ec15ec8d7', 'LinuxProbe.docx', 'LinuxProbe.docx', 10, NULL);
INSERT INTO `t_chunk_info` VALUES ('795384113161830400795384113161830400', 8, 2048000, 2048000, '8cea8f350112cdc5ef0dfb7ec15ec8d7', 'LinuxProbe.docx', 'LinuxProbe.docx', 10, NULL);
INSERT INTO `t_chunk_info` VALUES ('795384113556094976795384113556094976', 10, 2048000, 3260665, '8cea8f350112cdc5ef0dfb7ec15ec8d7', 'LinuxProbe.docx', 'LinuxProbe.docx', 10, NULL);
INSERT INTO `t_chunk_info` VALUES ('795385412573986816795385412573986816', 1, 2048000, 0, 'd41d8cd98f00b204e9800998ecf8427e', '新建 DOCX 文档.docx', '新建 DOCX 文档.docx', 1, NULL);
INSERT INTO `t_chunk_info` VALUES ('795605336886083584795605336886083584', 1, 2048000, 2048000, '908e34327138d0c5a1db24e14070a462', 'GNN.pdf', 'GNN.pdf', 15, NULL);
INSERT INTO `t_chunk_info` VALUES ('795605337355845632795605337355845632', 4, 2048000, 2048000, '908e34327138d0c5a1db24e14070a462', 'GNN.pdf', 'GNN.pdf', 15, NULL);
INSERT INTO `t_chunk_info` VALUES ('795605337360039936795605337360039936', 2, 2048000, 2048000, '908e34327138d0c5a1db24e14070a462', 'GNN.pdf', 'GNN.pdf', 15, NULL);
INSERT INTO `t_chunk_info` VALUES ('795605337372622848795605337372622848', 3, 2048000, 2048000, '908e34327138d0c5a1db24e14070a462', 'GNN.pdf', 'GNN.pdf', 15, NULL);
INSERT INTO `t_chunk_info` VALUES ('795605337938853888795605337938853888', 5, 2048000, 2048000, '908e34327138d0c5a1db24e14070a462', 'GNN.pdf', 'GNN.pdf', 15, NULL);
INSERT INTO `t_chunk_info` VALUES ('795605337955631104795605337955631104', 6, 2048000, 2048000, '908e34327138d0c5a1db24e14070a462', 'GNN.pdf', 'GNN.pdf', 15, NULL);
INSERT INTO `t_chunk_info` VALUES ('795605338211483648795605338211483648', 7, 2048000, 2048000, '908e34327138d0c5a1db24e14070a462', 'GNN.pdf', 'GNN.pdf', 15, NULL);
INSERT INTO `t_chunk_info` VALUES ('795605338475724800795605338475724800', 9, 2048000, 2048000, '908e34327138d0c5a1db24e14070a462', 'GNN.pdf', 'GNN.pdf', 15, NULL);
INSERT INTO `t_chunk_info` VALUES ('795605338475724800795605338475724800', 8, 2048000, 2048000, '908e34327138d0c5a1db24e14070a462', 'GNN.pdf', 'GNN.pdf', 15, NULL);
INSERT INTO `t_chunk_info` VALUES ('795605338727383040795605338727383040', 10, 2048000, 2048000, '908e34327138d0c5a1db24e14070a462', 'GNN.pdf', 'GNN.pdf', 15, NULL);
INSERT INTO `t_chunk_info` VALUES ('795605338932903936795605338932903936', 11, 2048000, 2048000, '908e34327138d0c5a1db24e14070a462', 'GNN.pdf', 'GNN.pdf', 15, NULL);
INSERT INTO `t_chunk_info` VALUES ('795605338941292544795605338941292544', 12, 2048000, 2048000, '908e34327138d0c5a1db24e14070a462', 'GNN.pdf', 'GNN.pdf', 15, NULL);
INSERT INTO `t_chunk_info` VALUES ('795605339239088128795605339239088128', 13, 2048000, 2048000, '908e34327138d0c5a1db24e14070a462', 'GNN.pdf', 'GNN.pdf', 15, NULL);
INSERT INTO `t_chunk_info` VALUES ('795605339419443200795605339419443200', 14, 2048000, 2048000, '908e34327138d0c5a1db24e14070a462', 'GNN.pdf', 'GNN.pdf', 15, NULL);
INSERT INTO `t_chunk_info` VALUES ('795605339566243840795605339566243840', 15, 2048000, 3438482, '908e34327138d0c5a1db24e14070a462', 'GNN.pdf', 'GNN.pdf', 15, NULL);
INSERT INTO `t_chunk_info` VALUES ('795605439122243584795605439122243584', 1, 2048000, 865009, 'aba02b90939ed8ae6f3dce53478cb67d', 'IRL (v2).pdf', 'IRL (v2).pdf', 1, NULL);
INSERT INTO `t_chunk_info` VALUES ('795608096473874432795608096473874432', 1, 2048000, 1679891, '8e7058e5bd18391724bf90986d9e38cb', 'QLearning (v2).pdf', 'QLearning (v2).pdf', 1, NULL);
INSERT INTO `t_chunk_info` VALUES ('795609365221474304795609365221474304', 1, 2048000, 42362, 'f4fb7873bb0e30b849521078892d7c42', '4857018d2861d4d2ab33c08090ab0f43dc85e4f7.jpg', '4857018d2861d4d2ab33c08090ab0f43dc85e4f7.jpg', 1, NULL);
INSERT INTO `t_chunk_info` VALUES ('795609365825454080795609365825454080', 1, 2048000, 165388, 'ba7ff41c52e1ec4e2990c7fc68b32fda', 'v2-d0c1e1a0153e25eae35f5d88657eb5de_1440w.jpg', 'v2-d0c1e1a0153e25eae35f5d88657eb5de_1440w.jpg', 1, NULL);
INSERT INTO `t_chunk_info` VALUES ('795609366190358528795609366190358528', 1, 2048000, 258756, 'a3fcb12fc6104172378915380b04c8e6', 'timg.jpg', 'timg.jpg', 1, NULL);
INSERT INTO `t_chunk_info` VALUES ('795636966816219136795636966816219136', 1, 2048000, 251703, 'd4acdb71efbc0b75fd42eb6089fe5b9d', '计组作业06.pdf', '计组作业06.pdf', 1, NULL);
INSERT INTO `t_chunk_info` VALUES ('795653169974607872795653169978802176', 1, 2048000, 2048000, '345f951c51bb99223fa2350d3b43051d', 'fuck (3).png', 'fuck (3).png', 4, NULL);
INSERT INTO `t_chunk_info` VALUES ('795653170230460416795653170230460416', 2, 2048000, 2048000, '345f951c51bb99223fa2350d3b43051d', 'fuck (3).png', 'fuck (3).png', 4, NULL);
INSERT INTO `t_chunk_info` VALUES ('795653170276597760795653170276597760', 4, 2048000, 2195384, '345f951c51bb99223fa2350d3b43051d', 'fuck (3).png', 'fuck (3).png', 4, NULL);
INSERT INTO `t_chunk_info` VALUES ('795653170251431936795653170251431936', 3, 2048000, 2048000, '345f951c51bb99223fa2350d3b43051d', 'fuck (3).png', 'fuck (3).png', 4, NULL);
INSERT INTO `t_chunk_info` VALUES ('795670528026214400795670528026214400', 1, 2048000, 1036750, '936a6485e144e11b3219ed2454cbdf95', '开发计划.pdf', '开发计划.pdf', 1, NULL);

-- ----------------------------
-- Table structure for t_dept
-- ----------------------------
DROP TABLE IF EXISTS `t_dept`;
CREATE TABLE `t_dept`  (
  `DEPT_ID` bigint(0) NOT NULL AUTO_INCREMENT COMMENT '部门ID',
  `PARENT_ID` bigint(0) NOT NULL COMMENT '上级部门ID',
  `DEPT_NAME` varchar(100) CHARACTER SET utf8mb4 COLLATE utf8mb4_general_ci NOT NULL COMMENT '部门名称',
  `ORDER_NUM` bigint(0) NULL DEFAULT NULL COMMENT '排序',
  `CREATE_TIME` datetime(0) NULL DEFAULT NULL COMMENT '创建时间',
  `MODIFY_TIME` datetime(0) NULL DEFAULT NULL COMMENT '修改时间',
  `STATUS` char(1) CHARACTER SET utf8mb4 COLLATE utf8mb4_general_ci NOT NULL DEFAULT '1',
  `CREATE_USERNAME` varchar(100) CHARACTER SET utf8mb4 COLLATE utf8mb4_general_ci NULL DEFAULT NULL,
  `CREATE_USER_ID` bigint(0) NULL DEFAULT NULL,
  `MODIFY_USERNAME` varchar(100) CHARACTER SET utf8mb4 COLLATE utf8mb4_general_ci NULL DEFAULT NULL,
  `MODIFY_USER_ID` bigint(0) NULL DEFAULT NULL,
  PRIMARY KEY (`DEPT_ID`) USING BTREE
) ENGINE = InnoDB AUTO_INCREMENT = 7 CHARACTER SET = utf8mb4 COLLATE = utf8mb4_general_ci ROW_FORMAT = Dynamic;

-- ----------------------------
-- Records of t_dept
-- ----------------------------
INSERT INTO `t_dept` VALUES (1, 0, '开发部', 1, '2018-01-04 15:42:26', '2019-01-05 21:08:27', '1', NULL, NULL, NULL, NULL);
INSERT INTO `t_dept` VALUES (2, 1, '开发一部', 1, '2018-01-04 15:42:34', '2019-01-18 00:59:37', '1', NULL, NULL, NULL, NULL);
INSERT INTO `t_dept` VALUES (3, 1, '开发二部', 2, '2018-01-04 15:42:29', '2019-01-05 14:09:39', '1', NULL, NULL, NULL, NULL);
INSERT INTO `t_dept` VALUES (4, 0, '市场部', 2, '2018-01-04 15:42:36', '2019-01-23 06:27:56', '1', NULL, NULL, NULL, NULL);
INSERT INTO `t_dept` VALUES (5, 0, '人事部', 3, '2018-01-04 15:42:32', '2019-01-23 06:27:59', '1', NULL, NULL, NULL, NULL);
INSERT INTO `t_dept` VALUES (6, 0, '测试部', 4, '2018-01-04 15:42:38', '2019-01-17 08:15:47', '1', NULL, NULL, NULL, NULL);

-- ----------------------------
-- Table structure for t_dict
-- ----------------------------
DROP TABLE IF EXISTS `t_dict`;
CREATE TABLE `t_dict`  (
  `DICT_ID` bigint(0) NOT NULL AUTO_INCREMENT COMMENT '字典ID',
  `KEYY` bigint(0) NOT NULL COMMENT '键',
  `VALUEE` varchar(100) CHARACTER SET utf8mb4 COLLATE utf8mb4_general_ci NOT NULL COMMENT '值',
  `FIELD_NAME` varchar(100) CHARACTER SET utf8mb4 COLLATE utf8mb4_general_ci NOT NULL COMMENT '字段名称',
  `TABLE_NAME` varchar(100) CHARACTER SET utf8mb4 COLLATE utf8mb4_general_ci NOT NULL COMMENT '表名',
  `CREATE_TIME` datetime(0) NULL DEFAULT NULL COMMENT '创建时间',
  `CREATE_USERNAME` varchar(200) CHARACTER SET utf8mb4 COLLATE utf8mb4_general_ci NULL DEFAULT NULL COMMENT '创建人名称',
  `CREATE_USER_ID` int(0) NULL DEFAULT NULL COMMENT '创建人ID',
  `MODIFY_TIME` datetime(0) NULL DEFAULT NULL COMMENT '最后一次修改时间',
  `MODIFY_USERNAME` varchar(200) CHARACTER SET utf8mb4 COLLATE utf8mb4_general_ci NULL DEFAULT NULL COMMENT '最后一次修改人名称',
  `MODIFY_USER_ID` int(0) NULL DEFAULT NULL COMMENT '最后一次修改人ID',
  `STATUS` char(1) CHARACTER SET utf8mb4 COLLATE utf8mb4_general_ci NULL DEFAULT '1' COMMENT '逻辑删除：1：生效0：失效',
  `OTHER_KEYY` varchar(100) CHARACTER SET utf8mb4 COLLATE utf8mb4_general_ci NULL DEFAULT NULL COMMENT '其他判断依据',
  PRIMARY KEY (`DICT_ID`) USING BTREE
) ENGINE = InnoDB AUTO_INCREMENT = 37 CHARACTER SET = utf8mb4 COLLATE = utf8mb4_general_ci ROW_FORMAT = Dynamic;

-- ----------------------------
-- Records of t_dict
-- ----------------------------
INSERT INTO `t_dict` VALUES (1, 0, '男', 'ssex', 't_user', NULL, NULL, NULL, NULL, NULL, NULL, '1', NULL);
INSERT INTO `t_dict` VALUES (2, 1, '女', 'ssex', 't_user', NULL, NULL, NULL, NULL, NULL, NULL, '1', NULL);
INSERT INTO `t_dict` VALUES (3, 2, '保密', 'ssex', 't_user', NULL, NULL, NULL, NULL, NULL, NULL, '1', NULL);
INSERT INTO `t_dict` VALUES (4, 1, '有效', 'status', 't_user', NULL, NULL, NULL, NULL, NULL, NULL, '1', 'cyan');
INSERT INTO `t_dict` VALUES (5, 0, '锁定', 'status', 't_user', NULL, NULL, NULL, NULL, NULL, NULL, '1', 'red');
INSERT INTO `t_dict` VALUES (6, 0, '菜单', 'type', 't_menu', NULL, NULL, NULL, NULL, NULL, NULL, '1', NULL);
INSERT INTO `t_dict` VALUES (7, 1, '按钮', 'type', 't_menu', NULL, NULL, NULL, NULL, NULL, NULL, '1', NULL);
INSERT INTO `t_dict` VALUES (30, 0, '正常', 'status', 't_job', NULL, NULL, NULL, NULL, NULL, NULL, '1', NULL);
INSERT INTO `t_dict` VALUES (31, 1, '暂停', 'status', 't_job', NULL, NULL, NULL, NULL, NULL, NULL, '1', NULL);
INSERT INTO `t_dict` VALUES (32, 0, '成功', 'status', 't_job_log', NULL, NULL, NULL, NULL, NULL, NULL, '1', NULL);
INSERT INTO `t_dict` VALUES (33, 1, '失败', 'status', 't_job_log', NULL, NULL, NULL, NULL, NULL, NULL, '1', NULL);
INSERT INTO `t_dict` VALUES (34, 0, '全部数据', 'data_scope', 't_role', NULL, NULL, NULL, NULL, NULL, NULL, '1', NULL);
INSERT INTO `t_dict` VALUES (35, 1, '部门数据', 'data_scope', 't_role', NULL, NULL, NULL, NULL, NULL, NULL, '1', NULL);
INSERT INTO `t_dict` VALUES (36, 2, '个人数据', 'data_scope', 't_role', NULL, NULL, NULL, NULL, NULL, NULL, '1', NULL);

-- ----------------------------
-- Table structure for t_file_info
-- ----------------------------
DROP TABLE IF EXISTS `t_file_info`;
CREATE TABLE `t_file_info`  (
  `id` varchar(64) CHARACTER SET utf8 COLLATE utf8_general_ci NOT NULL,
  `filename` varchar(500) CHARACTER SET utf8 COLLATE utf8_general_ci NOT NULL,
  `identifier` varchar(64) CHARACTER SET utf8 COLLATE utf8_general_ci NOT NULL,
  `type` varchar(10) CHARACTER SET utf8 COLLATE utf8_general_ci NULL DEFAULT NULL,
  `total_size` decimal(10, 0) NOT NULL,
  `location` varchar(200) CHARACTER SET utf8 COLLATE utf8_general_ci NOT NULL,
  `del_flag` varchar(2) CHARACTER SET utf8 COLLATE utf8_general_ci NOT NULL DEFAULT '0',
  `ref_project_id` varchar(64) CHARACTER SET utf8 COLLATE utf8_general_ci NOT NULL,
  `upload_by` varchar(64) CHARACTER SET utf8 COLLATE utf8_general_ci NULL DEFAULT NULL,
  `upload_time` timestamp(0) NOT NULL DEFAULT CURRENT_TIMESTAMP(0),
  PRIMARY KEY (`id`) USING BTREE
) ENGINE = InnoDB CHARACTER SET = utf8 COLLATE = utf8_general_ci ROW_FORMAT = Dynamic;

-- ----------------------------
-- Records of t_file_info
-- ----------------------------
INSERT INTO `t_file_info` VALUES ('795650781276536832795650781276536832', 'wallhaven-6q8g26_3840x2160.png', '55e60f6e8d4b09dd7c82f474821938da', NULL, 7435756, 'D:/files/55e60f6e8d4b09dd7c82f474821938da/wallhaven-6q8g26_3840x2160.png', '0', '老师', 'teacher_1', '2021-01-04 13:52:06');
INSERT INTO `t_file_info` VALUES ('795655737576521728795655737576521728', 'wallhaven-6q8g26_3840x2160.png', '55e60f6e8d4b09dd7c82f474821938da', NULL, 7435756, 'D:/files/55e60f6e8d4b09dd7c82f474821938da/wallhaven-6q8g26_3840x2160.png', '0', '管理员', 'admin', '2021-01-04 14:11:48');
INSERT INTO `t_file_info` VALUES ('795670093747978240795670093747978240', '计组作业06.pdf', 'd4acdb71efbc0b75fd42eb6089fe5b9d', NULL, 251703, 'D:/files/d4acdb71efbc0b75fd42eb6089fe5b9d/计组作业06.pdf', '1', '27', 'stu_test1', '2021-01-04 15:08:50');
INSERT INTO `t_file_info` VALUES ('795670528680525824795670528680525824', '开发计划.pdf', '936a6485e144e11b3219ed2454cbdf95', NULL, 1036750, 'D:/files/936a6485e144e11b3219ed2454cbdf95/开发计划.pdf', '1', '老师', 'teacher_1', '2021-01-04 15:10:34');

-- ----------------------------
-- Table structure for t_job
-- ----------------------------
DROP TABLE IF EXISTS `t_job`;
CREATE TABLE `t_job`  (
  `JOB_ID` bigint(0) NOT NULL AUTO_INCREMENT COMMENT '任务id',
  `BEAN_NAME` varchar(100) CHARACTER SET utf8mb4 COLLATE utf8mb4_general_ci NOT NULL COMMENT 'spring bean名称',
  `METHOD_NAME` varchar(100) CHARACTER SET utf8mb4 COLLATE utf8mb4_general_ci NOT NULL COMMENT '方法名',
  `PARAMS` varchar(200) CHARACTER SET utf8mb4 COLLATE utf8mb4_general_ci NULL DEFAULT NULL COMMENT '参数',
  `CRON_EXPRESSION` varchar(100) CHARACTER SET utf8mb4 COLLATE utf8mb4_general_ci NOT NULL COMMENT 'cron表达式',
  `STATUS` char(2) CHARACTER SET utf8mb4 COLLATE utf8mb4_general_ci NOT NULL COMMENT '任务状态  0：正常  1：暂停',
  `REMARK` varchar(200) CHARACTER SET utf8mb4 COLLATE utf8mb4_general_ci NULL DEFAULT NULL COMMENT '备注',
  `CREATE_TIME` datetime(0) NULL DEFAULT NULL COMMENT '创建时间',
  `MODIFY_TIME` datetime(0) NULL DEFAULT NULL,
  `CREATE_USERNAME` varchar(100) CHARACTER SET utf8mb4 COLLATE utf8mb4_general_ci NULL DEFAULT NULL,
  `CREATE_USER_ID` bigint(0) NULL DEFAULT NULL,
  `MODIFY_USERNAME` varchar(100) CHARACTER SET utf8mb4 COLLATE utf8mb4_general_ci NULL DEFAULT NULL,
  `MODIFY_USER_ID` bigint(0) NULL DEFAULT NULL,
  PRIMARY KEY (`JOB_ID`) USING BTREE
) ENGINE = InnoDB AUTO_INCREMENT = 12 CHARACTER SET = utf8mb4 COLLATE = utf8mb4_general_ci ROW_FORMAT = Dynamic;

-- ----------------------------
-- Records of t_job
-- ----------------------------
INSERT INTO `t_job` VALUES (1, 'testTask', 'test', 'mrbird', '0/1 * * * * ?1', '1', '有参任务调度测试', '2018-02-24 16:26:14', NULL, NULL, NULL, NULL, NULL);
INSERT INTO `t_job` VALUES (2, 'testTask', 'test1', NULL, '0/10 * * * * ?', '1', '无参任务调度测试', '2018-02-24 17:06:23', NULL, NULL, NULL, NULL, NULL);
INSERT INTO `t_job` VALUES (3, 'testTask', 'test', 'hello world', '0/1 * * * * ?', '0', '有参任务调度测试,每隔一秒触发', '2018-02-26 09:28:26', NULL, NULL, NULL, NULL, NULL);
INSERT INTO `t_job` VALUES (11, 'testTask', 'test2', NULL, '0/5 * * * * ?', '0', '测试异常', '2018-02-26 11:15:30', NULL, NULL, NULL, NULL, NULL);

-- ----------------------------
-- Table structure for t_job_log
-- ----------------------------
DROP TABLE IF EXISTS `t_job_log`;
CREATE TABLE `t_job_log`  (
  `LOG_ID` bigint(0) NOT NULL AUTO_INCREMENT COMMENT '任务日志id',
  `JOB_ID` bigint(0) NOT NULL COMMENT '任务id',
  `BEAN_NAME` varchar(100) CHARACTER SET utf8mb4 COLLATE utf8mb4_general_ci NOT NULL COMMENT 'spring bean名称',
  `METHOD_NAME` varchar(100) CHARACTER SET utf8mb4 COLLATE utf8mb4_general_ci NOT NULL COMMENT '方法名',
  `PARAMS` varchar(200) CHARACTER SET utf8mb4 COLLATE utf8mb4_general_ci NULL DEFAULT NULL COMMENT '参数',
  `STATUS` char(2) CHARACTER SET utf8mb4 COLLATE utf8mb4_general_ci NOT NULL COMMENT '任务状态    0：成功    1：失败',
  `ERROR` text CHARACTER SET utf8mb4 COLLATE utf8mb4_general_ci NULL COMMENT '失败信息',
  `TIMES` decimal(11, 0) NULL DEFAULT NULL COMMENT '耗时(单位：毫秒)',
  `CREATE_TIME` datetime(0) NULL DEFAULT NULL COMMENT '创建时间',
  PRIMARY KEY (`LOG_ID`) USING BTREE
) ENGINE = InnoDB AUTO_INCREMENT = 1 CHARACTER SET = utf8mb4 COLLATE = utf8mb4_general_ci ROW_FORMAT = Dynamic;

-- ----------------------------
-- Table structure for t_log
-- ----------------------------
DROP TABLE IF EXISTS `t_log`;
CREATE TABLE `t_log`  (
  `ID` bigint(0) NOT NULL AUTO_INCREMENT COMMENT '日志ID',
  `USERNAME` varchar(50) CHARACTER SET utf8mb4 COLLATE utf8mb4_general_ci NULL DEFAULT NULL COMMENT '操作用户',
  `OPERATION` text CHARACTER SET utf8mb4 COLLATE utf8mb4_general_ci NULL COMMENT '操作内容',
  `TIME` decimal(11, 0) NULL DEFAULT NULL COMMENT '耗时',
  `METHOD` text CHARACTER SET utf8mb4 COLLATE utf8mb4_general_ci NULL COMMENT '操作方法',
  `PARAMS` text CHARACTER SET utf8mb4 COLLATE utf8mb4_general_ci NULL COMMENT '方法参数',
  `IP` varchar(64) CHARACTER SET utf8mb4 COLLATE utf8mb4_general_ci NULL DEFAULT NULL COMMENT '操作者IP',
  `CREATE_TIME` datetime(0) NULL DEFAULT NULL COMMENT '创建时间',
  `location` varchar(50) CHARACTER SET utf8mb4 COLLATE utf8mb4_general_ci NULL DEFAULT NULL COMMENT '操作地点',
  `RESPONSE_CODE` int(0) NULL DEFAULT NULL COMMENT '应答码',
  `RESPONSE_TEXT` varchar(4000) CHARACTER SET utf8mb4 COLLATE utf8mb4_general_ci NULL DEFAULT NULL COMMENT '应答内容',
  `TYPE` char(1) CHARACTER SET utf8mb4 COLLATE utf8mb4_general_ci NOT NULL COMMENT '0系统内部操作日志, 1系统外部请求日志',
  PRIMARY KEY (`ID`) USING BTREE
) ENGINE = InnoDB AUTO_INCREMENT = 1 CHARACTER SET = utf8mb4 COLLATE = utf8mb4_general_ci ROW_FORMAT = Dynamic;

-- ----------------------------
-- Table structure for t_login_log
-- ----------------------------
DROP TABLE IF EXISTS `t_login_log`;
CREATE TABLE `t_login_log`  (
  `USERNAME` varchar(100) CHARACTER SET utf8mb4 COLLATE utf8mb4_general_ci NOT NULL COMMENT '用户名',
  `LOGIN_TIME` datetime(0) NOT NULL COMMENT '登录时间',
  `LOCATION` varchar(255) CHARACTER SET utf8mb4 COLLATE utf8mb4_general_ci NULL DEFAULT NULL COMMENT '登录地点',
  `IP` varchar(100) CHARACTER SET utf8mb4 COLLATE utf8mb4_general_ci NULL DEFAULT NULL COMMENT 'IP地址'
) ENGINE = InnoDB CHARACTER SET = utf8mb4 COLLATE = utf8mb4_general_ci ROW_FORMAT = Dynamic;

-- ----------------------------
-- Records of t_login_log
-- ----------------------------
INSERT INTO `t_login_log` VALUES ('mrbird', '2020-11-21 18:29:01', '内网IP|0|0|内网IP|内网IP', '127.0.0.1');
INSERT INTO `t_login_log` VALUES ('mrbird', '2020-11-23 19:21:33', '内网IP|0|0|内网IP|内网IP', '127.0.0.1');
INSERT INTO `t_login_log` VALUES ('scott', '2020-12-21 11:41:29', '内网IP|0|0|内网IP|内网IP', '127.0.0.1');
INSERT INTO `t_login_log` VALUES ('scott', '2020-12-21 11:41:49', '内网IP|0|0|内网IP|内网IP', '127.0.0.1');
INSERT INTO `t_login_log` VALUES ('scott', '2020-12-21 11:43:49', '内网IP|0|0|内网IP|内网IP', '127.0.0.1');
INSERT INTO `t_login_log` VALUES ('scott', '2020-12-21 11:57:13', '内网IP|0|0|内网IP|内网IP', '127.0.0.1');
INSERT INTO `t_login_log` VALUES ('scott', '2020-12-21 20:50:48', '内网IP|0|0|内网IP|内网IP', '127.0.0.1');
INSERT INTO `t_login_log` VALUES ('mrbird', '2020-12-21 20:52:15', '内网IP|0|0|内网IP|内网IP', '127.0.0.1');
INSERT INTO `t_login_log` VALUES ('admin', '2020-12-21 20:57:52', '内网IP|0|0|内网IP|内网IP', '127.0.0.1');
INSERT INTO `t_login_log` VALUES ('admin', '2020-12-21 21:30:47', '内网IP|0|0|内网IP|内网IP', '127.0.0.1');
INSERT INTO `t_login_log` VALUES ('admin', '2020-12-22 09:33:55', '内网IP|0|0|内网IP|内网IP', '127.0.0.1');
INSERT INTO `t_login_log` VALUES ('admin', '2020-12-23 13:48:14', '内网IP|0|0|内网IP|内网IP', '127.0.0.1');
INSERT INTO `t_login_log` VALUES ('admin', '2020-12-23 19:57:40', '内网IP|0|0|内网IP|内网IP', '127.0.0.1');
INSERT INTO `t_login_log` VALUES ('admin', '2020-12-23 19:58:45', '内网IP|0|0|内网IP|内网IP', '127.0.0.1');
INSERT INTO `t_login_log` VALUES ('admin', '2020-12-24 17:20:46', '内网IP|0|0|内网IP|内网IP', '127.0.0.1');
INSERT INTO `t_login_log` VALUES ('admin', '2020-12-24 20:54:33', '内网IP|0|0|内网IP|内网IP', '127.0.0.1');
INSERT INTO `t_login_log` VALUES ('admin', '2020-12-24 20:54:52', '内网IP|0|0|内网IP|内网IP', '127.0.0.1');
INSERT INTO `t_login_log` VALUES ('admin', '2020-12-24 21:13:32', '内网IP|0|0|内网IP|内网IP', '127.0.0.1');
INSERT INTO `t_login_log` VALUES ('admin', '2020-12-24 21:15:24', '内网IP|0|0|内网IP|内网IP', '127.0.0.1');
INSERT INTO `t_login_log` VALUES ('admin', '2020-12-24 21:15:53', '内网IP|0|0|内网IP|内网IP', '127.0.0.1');
INSERT INTO `t_login_log` VALUES ('admin', '2020-12-24 21:16:07', '内网IP|0|0|内网IP|内网IP', '127.0.0.1');
INSERT INTO `t_login_log` VALUES ('admin', '2020-12-24 21:41:07', '内网IP|0|0|内网IP|内网IP', '127.0.0.1');
INSERT INTO `t_login_log` VALUES ('admin', '2020-12-24 21:42:18', '内网IP|0|0|内网IP|内网IP', '127.0.0.1');
INSERT INTO `t_login_log` VALUES ('admin', '2020-12-24 21:44:49', '内网IP|0|0|内网IP|内网IP', '127.0.0.1');
INSERT INTO `t_login_log` VALUES ('admin', '2020-12-25 10:52:59', '内网IP|0|0|内网IP|内网IP', '127.0.0.1');
INSERT INTO `t_login_log` VALUES ('mrbird', '2020-12-25 10:58:36', '内网IP|0|0|内网IP|内网IP', '127.0.0.1');
INSERT INTO `t_login_log` VALUES ('admin', '2020-12-25 16:11:10', '内网IP|0|0|内网IP|内网IP', '127.0.0.1');
INSERT INTO `t_login_log` VALUES ('admin', '2020-12-25 18:32:44', '内网IP|0|0|内网IP|内网IP', '127.0.0.1');
INSERT INTO `t_login_log` VALUES ('admin', '2020-12-25 18:36:46', '内网IP|0|0|内网IP|内网IP', '127.0.0.1');
INSERT INTO `t_login_log` VALUES ('admin', '2020-12-25 18:47:37', '内网IP|0|0|内网IP|内网IP', '127.0.0.1');
INSERT INTO `t_login_log` VALUES ('admin', '2020-12-25 23:40:58', '内网IP|0|0|内网IP|内网IP', '127.0.0.1');
INSERT INTO `t_login_log` VALUES ('admin', '2020-12-26 09:14:58', '内网IP|0|0|内网IP|内网IP', '127.0.0.1');
INSERT INTO `t_login_log` VALUES ('admin', '2020-12-26 15:33:29', '内网IP|0|0|内网IP|内网IP', '127.0.0.1');
INSERT INTO `t_login_log` VALUES ('admin', '2020-12-26 16:36:53', '内网IP|0|0|内网IP|内网IP', '127.0.0.1');
INSERT INTO `t_login_log` VALUES ('admin', '2020-12-26 17:49:04', '内网IP|0|0|内网IP|内网IP', '127.0.0.1');
INSERT INTO `t_login_log` VALUES ('admin', '2020-12-26 19:08:16', '内网IP|0|0|内网IP|内网IP', '127.0.0.1');
INSERT INTO `t_login_log` VALUES ('admin', '2020-12-26 20:12:31', '内网IP|0|0|内网IP|内网IP', '127.0.0.1');
INSERT INTO `t_login_log` VALUES ('admin', '2020-12-26 20:26:55', '内网IP|0|0|内网IP|内网IP', '127.0.0.1');
INSERT INTO `t_login_log` VALUES ('admin', '2020-12-26 20:58:52', '内网IP|0|0|内网IP|内网IP', '127.0.0.1');
INSERT INTO `t_login_log` VALUES ('admin', '2020-12-27 13:29:14', '内网IP|0|0|内网IP|内网IP', '127.0.0.1');
INSERT INTO `t_login_log` VALUES ('admin', '2020-12-27 14:36:58', '内网IP|0|0|内网IP|内网IP', '127.0.0.1');
INSERT INTO `t_login_log` VALUES ('admin', '2020-12-27 15:31:57', '内网IP|0|0|内网IP|内网IP', '127.0.0.1');
INSERT INTO `t_login_log` VALUES ('admin', '2020-12-27 15:35:25', '内网IP|0|0|内网IP|内网IP', '127.0.0.1');
INSERT INTO `t_login_log` VALUES ('admin', '2020-12-27 15:42:03', '内网IP|0|0|内网IP|内网IP', '127.0.0.1');
INSERT INTO `t_login_log` VALUES ('admin', '2020-12-27 15:44:00', '内网IP|0|0|内网IP|内网IP', '127.0.0.1');
INSERT INTO `t_login_log` VALUES ('admin', '2020-12-27 15:44:24', '内网IP|0|0|内网IP|内网IP', '127.0.0.1');
INSERT INTO `t_login_log` VALUES ('admin', '2020-12-27 15:52:14', '内网IP|0|0|内网IP|内网IP', '127.0.0.1');
INSERT INTO `t_login_log` VALUES ('admin', '2020-12-27 15:53:39', '内网IP|0|0|内网IP|内网IP', '127.0.0.1');
INSERT INTO `t_login_log` VALUES ('admin', '2020-12-27 16:03:37', '内网IP|0|0|内网IP|内网IP', '127.0.0.1');
INSERT INTO `t_login_log` VALUES ('admin', '2020-12-27 16:06:29', '内网IP|0|0|内网IP|内网IP', '127.0.0.1');
INSERT INTO `t_login_log` VALUES ('admin', '2020-12-27 17:07:16', '内网IP|0|0|内网IP|内网IP', '127.0.0.1');
INSERT INTO `t_login_log` VALUES ('admin', '2020-12-27 17:54:29', '内网IP|0|0|内网IP|内网IP', '127.0.0.1');
INSERT INTO `t_login_log` VALUES ('admin', '2020-12-27 17:55:28', '内网IP|0|0|内网IP|内网IP', '127.0.0.1');
INSERT INTO `t_login_log` VALUES ('admin', '2020-12-27 18:01:04', '内网IP|0|0|内网IP|内网IP', '127.0.0.1');
INSERT INTO `t_login_log` VALUES ('admin', '2020-12-27 18:05:14', '内网IP|0|0|内网IP|内网IP', '127.0.0.1');
INSERT INTO `t_login_log` VALUES ('admin', '2020-12-27 18:24:07', '内网IP|0|0|内网IP|内网IP', '127.0.0.1');
INSERT INTO `t_login_log` VALUES ('admin', '2020-12-27 19:49:45', '内网IP|0|0|内网IP|内网IP', '127.0.0.1');
INSERT INTO `t_login_log` VALUES ('admin', '2020-12-27 21:34:03', '内网IP|0|0|内网IP|内网IP', '127.0.0.1');
INSERT INTO `t_login_log` VALUES ('admin', '2020-12-27 21:47:17', '内网IP|0|0|内网IP|内网IP', '127.0.0.1');
INSERT INTO `t_login_log` VALUES ('admin', '2020-12-27 21:57:46', '内网IP|0|0|内网IP|内网IP', '127.0.0.1');
INSERT INTO `t_login_log` VALUES ('admin', '2020-12-27 22:12:31', '内网IP|0|0|内网IP|内网IP', '127.0.0.1');
INSERT INTO `t_login_log` VALUES ('admin', '2020-12-28 09:25:22', '内网IP|0|0|内网IP|内网IP', '127.0.0.1');
INSERT INTO `t_login_log` VALUES ('admin', '2020-12-28 09:35:34', '内网IP|0|0|内网IP|内网IP', '127.0.0.1');
INSERT INTO `t_login_log` VALUES ('admin', '2020-12-28 10:28:06', '内网IP|0|0|内网IP|内网IP', '127.0.0.1');
INSERT INTO `t_login_log` VALUES ('admin', '2020-12-28 11:35:20', '内网IP|0|0|内网IP|内网IP', '127.0.0.1');
INSERT INTO `t_login_log` VALUES ('admin', '2020-12-28 13:40:23', '内网IP|0|0|内网IP|内网IP', '127.0.0.1');
INSERT INTO `t_login_log` VALUES ('admin', '2020-12-28 17:23:14', '内网IP|0|0|内网IP|内网IP', '127.0.0.1');
INSERT INTO `t_login_log` VALUES ('admin', '2020-12-29 00:21:17', '内网IP|0|0|内网IP|内网IP', '127.0.0.1');
INSERT INTO `t_login_log` VALUES ('admin', '2020-12-29 09:39:23', '内网IP|0|0|内网IP|内网IP', '127.0.0.1');
INSERT INTO `t_login_log` VALUES ('admin', '2020-12-29 11:06:39', '内网IP|0|0|内网IP|内网IP', '127.0.0.1');
INSERT INTO `t_login_log` VALUES ('admin', '2020-12-29 11:09:30', '内网IP|0|0|内网IP|内网IP', '127.0.0.1');
INSERT INTO `t_login_log` VALUES ('admin', '2020-12-29 11:13:26', '内网IP|0|0|内网IP|内网IP', '127.0.0.1');
INSERT INTO `t_login_log` VALUES ('admin', '2020-12-29 11:15:17', '内网IP|0|0|内网IP|内网IP', '127.0.0.1');
INSERT INTO `t_login_log` VALUES ('admin', '2020-12-29 11:23:31', '内网IP|0|0|内网IP|内网IP', '127.0.0.1');
INSERT INTO `t_login_log` VALUES ('admin', '2020-12-29 11:27:33', '内网IP|0|0|内网IP|内网IP', '127.0.0.1');
INSERT INTO `t_login_log` VALUES ('admin', '2020-12-29 11:28:19', '内网IP|0|0|内网IP|内网IP', '127.0.0.1');
INSERT INTO `t_login_log` VALUES ('admin', '2020-12-29 13:47:28', '内网IP|0|0|内网IP|内网IP', '127.0.0.1');
INSERT INTO `t_login_log` VALUES ('admin', '2020-12-29 15:20:36', '内网IP|0|0|内网IP|内网IP', '127.0.0.1');
INSERT INTO `t_login_log` VALUES ('admin', '2020-12-29 15:44:27', '内网IP|0|0|内网IP|内网IP', '127.0.0.1');
INSERT INTO `t_login_log` VALUES ('admin', '2020-12-29 16:12:25', '内网IP|0|0|内网IP|内网IP', '127.0.0.1');
INSERT INTO `t_login_log` VALUES ('admin', '2020-12-29 16:49:34', '内网IP|0|0|内网IP|内网IP', '127.0.0.1');
INSERT INTO `t_login_log` VALUES ('admin', '2020-12-29 17:55:44', '内网IP|0|0|内网IP|内网IP', '127.0.0.1');
INSERT INTO `t_login_log` VALUES ('admin', '2020-12-29 19:24:10', '内网IP|0|0|内网IP|内网IP', '127.0.0.1');
INSERT INTO `t_login_log` VALUES ('admin', '2020-12-29 19:38:16', '内网IP|0|0|内网IP|内网IP', '127.0.0.1');
INSERT INTO `t_login_log` VALUES ('admin', '2020-12-29 20:41:18', '内网IP|0|0|内网IP|内网IP', '127.0.0.1');
INSERT INTO `t_login_log` VALUES ('admin', '2020-12-29 21:10:39', '内网IP|0|0|内网IP|内网IP', '127.0.0.1');
INSERT INTO `t_login_log` VALUES ('admin', '2020-12-29 21:11:12', '内网IP|0|0|内网IP|内网IP', '127.0.0.1');
INSERT INTO `t_login_log` VALUES ('admin', '2020-12-29 21:18:38', '内网IP|0|0|内网IP|内网IP', '127.0.0.1');
INSERT INTO `t_login_log` VALUES ('admin', '2020-12-29 21:30:59', '内网IP|0|0|内网IP|内网IP', '127.0.0.1');
INSERT INTO `t_login_log` VALUES ('admin', '2020-12-30 10:01:09', '内网IP|0|0|内网IP|内网IP', '127.0.0.1');
INSERT INTO `t_login_log` VALUES ('admin', '2020-12-30 10:06:07', '内网IP|0|0|内网IP|内网IP', '127.0.0.1');
INSERT INTO `t_login_log` VALUES ('admin', '2020-12-30 11:03:21', '内网IP|0|0|内网IP|内网IP', '127.0.0.1');
INSERT INTO `t_login_log` VALUES ('admin', '2020-12-30 11:07:00', '内网IP|0|0|内网IP|内网IP', '127.0.0.1');
INSERT INTO `t_login_log` VALUES ('admin', '2020-12-30 11:36:30', '内网IP|0|0|内网IP|内网IP', '127.0.0.1');
INSERT INTO `t_login_log` VALUES ('admin', '2020-12-30 11:44:25', '内网IP|0|0|内网IP|内网IP', '127.0.0.1');
INSERT INTO `t_login_log` VALUES ('admin', '2020-12-30 13:57:09', '内网IP|0|0|内网IP|内网IP', '127.0.0.1');
INSERT INTO `t_login_log` VALUES ('admin', '2020-12-30 15:51:46', '内网IP|0|0|内网IP|内网IP', '127.0.0.1');
INSERT INTO `t_login_log` VALUES ('admin', '2020-12-30 17:55:57', '内网IP|0|0|内网IP|内网IP', '127.0.0.1');
INSERT INTO `t_login_log` VALUES ('admin', '2020-12-30 19:27:18', '内网IP|0|0|内网IP|内网IP', '127.0.0.1');
INSERT INTO `t_login_log` VALUES ('admin', '2020-12-30 19:37:28', '内网IP|0|0|内网IP|内网IP', '127.0.0.1');
INSERT INTO `t_login_log` VALUES ('admin', '2020-12-30 20:41:00', '内网IP|0|0|内网IP|内网IP', '127.0.0.1');
INSERT INTO `t_login_log` VALUES ('admin', '2020-12-30 20:58:55', '内网IP|0|0|内网IP|内网IP', '127.0.0.1');
INSERT INTO `t_login_log` VALUES ('admin', '2020-12-30 21:45:14', '内网IP|0|0|内网IP|内网IP', '127.0.0.1');
INSERT INTO `t_login_log` VALUES ('admin', '2020-12-30 21:53:38', '内网IP|0|0|内网IP|内网IP', '127.0.0.1');
INSERT INTO `t_login_log` VALUES ('admin', '2020-12-30 21:56:49', '内网IP|0|0|内网IP|内网IP', '127.0.0.1');
INSERT INTO `t_login_log` VALUES ('admin', '2020-12-30 21:57:43', '内网IP|0|0|内网IP|内网IP', '127.0.0.1');
INSERT INTO `t_login_log` VALUES ('admin', '2020-12-31 09:19:02', '内网IP|0|0|内网IP|内网IP', '127.0.0.1');
INSERT INTO `t_login_log` VALUES ('admin', '2020-12-31 10:15:40', '内网IP|0|0|内网IP|内网IP', '127.0.0.1');
INSERT INTO `t_login_log` VALUES ('admin', '2020-12-31 10:31:24', '内网IP|0|0|内网IP|内网IP', '127.0.0.1');
INSERT INTO `t_login_log` VALUES ('admin', '2020-12-31 11:16:09', '内网IP|0|0|内网IP|内网IP', '127.0.0.1');
INSERT INTO `t_login_log` VALUES ('admin', '2020-12-31 11:18:31', '内网IP|0|0|内网IP|内网IP', '127.0.0.1');
INSERT INTO `t_login_log` VALUES ('admin', '2020-12-31 11:37:40', '内网IP|0|0|内网IP|内网IP', '127.0.0.1');
INSERT INTO `t_login_log` VALUES ('admin', '2020-12-31 12:20:36', '内网IP|0|0|内网IP|内网IP', '127.0.0.1');
INSERT INTO `t_login_log` VALUES ('admin', '2020-12-31 13:29:12', '内网IP|0|0|内网IP|内网IP', '127.0.0.1');
INSERT INTO `t_login_log` VALUES ('admin', '2020-12-31 14:21:51', '内网IP|0|0|内网IP|内网IP', '127.0.0.1');
INSERT INTO `t_login_log` VALUES ('admin', '2020-12-31 14:26:35', '内网IP|0|0|内网IP|内网IP', '127.0.0.1');
INSERT INTO `t_login_log` VALUES ('admin', '2020-12-31 14:39:31', '内网IP|0|0|内网IP|内网IP', '127.0.0.1');
INSERT INTO `t_login_log` VALUES ('admin', '2020-12-31 14:46:45', '内网IP|0|0|内网IP|内网IP', '127.0.0.1');
INSERT INTO `t_login_log` VALUES ('admin', '2020-12-31 14:48:45', '内网IP|0|0|内网IP|内网IP', '127.0.0.1');
INSERT INTO `t_login_log` VALUES ('admin', '2020-12-31 15:05:26', '内网IP|0|0|内网IP|内网IP', '127.0.0.1');
INSERT INTO `t_login_log` VALUES ('admin', '2020-12-31 15:11:22', '内网IP|0|0|内网IP|内网IP', '127.0.0.1');
INSERT INTO `t_login_log` VALUES ('admin', '2020-12-31 15:30:08', '内网IP|0|0|内网IP|内网IP', '127.0.0.1');
INSERT INTO `t_login_log` VALUES ('admin', '2020-12-31 15:39:35', '内网IP|0|0|内网IP|内网IP', '127.0.0.1');
INSERT INTO `t_login_log` VALUES ('admin', '2020-12-31 16:30:44', '内网IP|0|0|内网IP|内网IP', '127.0.0.1');
INSERT INTO `t_login_log` VALUES ('admin', '2020-12-31 16:40:31', '内网IP|0|0|内网IP|内网IP', '127.0.0.1');
INSERT INTO `t_login_log` VALUES ('admin', '2020-12-31 16:42:57', '内网IP|0|0|内网IP|内网IP', '127.0.0.1');
INSERT INTO `t_login_log` VALUES ('admin', '2020-12-31 17:42:28', '内网IP|0|0|内网IP|内网IP', '127.0.0.1');
INSERT INTO `t_login_log` VALUES ('admin', '2020-12-31 17:56:28', '内网IP|0|0|内网IP|内网IP', '127.0.0.1');
INSERT INTO `t_login_log` VALUES ('admin', '2020-12-31 18:02:38', '内网IP|0|0|内网IP|内网IP', '127.0.0.1');
INSERT INTO `t_login_log` VALUES ('admin', '2020-12-31 18:52:30', '内网IP|0|0|内网IP|内网IP', '127.0.0.1');
INSERT INTO `t_login_log` VALUES ('admin', '2020-12-31 19:54:06', '内网IP|0|0|内网IP|内网IP', '127.0.0.1');
INSERT INTO `t_login_log` VALUES ('admin', '2020-12-31 20:27:18', '内网IP|0|0|内网IP|内网IP', '127.0.0.1');
INSERT INTO `t_login_log` VALUES ('admin', '2021-01-01 14:59:14', '内网IP|0|0|内网IP|内网IP', '127.0.0.1');
INSERT INTO `t_login_log` VALUES ('admin', '2021-01-01 16:13:31', '内网IP|0|0|内网IP|内网IP', '127.0.0.1');
INSERT INTO `t_login_log` VALUES ('admin', '2021-01-01 16:28:19', '内网IP|0|0|内网IP|内网IP', '127.0.0.1');
INSERT INTO `t_login_log` VALUES ('admin', '2021-01-01 17:02:20', '内网IP|0|0|内网IP|内网IP', '127.0.0.1');
INSERT INTO `t_login_log` VALUES ('admin', '2021-01-01 17:55:19', '内网IP|0|0|内网IP|内网IP', '127.0.0.1');
INSERT INTO `t_login_log` VALUES ('admin', '2021-01-01 18:03:00', '内网IP|0|0|内网IP|内网IP', '127.0.0.1');
INSERT INTO `t_login_log` VALUES ('admin', '2021-01-01 19:32:16', '内网IP|0|0|内网IP|内网IP', '127.0.0.1');
INSERT INTO `t_login_log` VALUES ('admin', '2021-01-01 19:51:38', '内网IP|0|0|内网IP|内网IP', '127.0.0.1');
INSERT INTO `t_login_log` VALUES ('admin', '2021-01-01 20:32:40', '内网IP|0|0|内网IP|内网IP', '127.0.0.1');
INSERT INTO `t_login_log` VALUES ('admin', '2021-01-01 20:37:47', '内网IP|0|0|内网IP|内网IP', '127.0.0.1');
INSERT INTO `t_login_log` VALUES ('admin', '2021-01-01 21:38:25', '内网IP|0|0|内网IP|内网IP', '127.0.0.1');
INSERT INTO `t_login_log` VALUES ('admin', '2021-01-02 10:19:38', '内网IP|0|0|内网IP|内网IP', '127.0.0.1');
INSERT INTO `t_login_log` VALUES ('admin', '2021-01-02 10:38:32', '内网IP|0|0|内网IP|内网IP', '127.0.0.1');
INSERT INTO `t_login_log` VALUES ('admin', '2021-01-02 11:30:08', '内网IP|0|0|内网IP|内网IP', '127.0.0.1');
INSERT INTO `t_login_log` VALUES ('admin', '2021-01-02 11:41:00', '内网IP|0|0|内网IP|内网IP', '127.0.0.1');
INSERT INTO `t_login_log` VALUES ('admin', '2021-01-02 13:15:01', '内网IP|0|0|内网IP|内网IP', '127.0.0.1');
INSERT INTO `t_login_log` VALUES ('admin', '2021-01-02 13:22:19', '内网IP|0|0|内网IP|内网IP', '127.0.0.1');
INSERT INTO `t_login_log` VALUES ('admin', '2021-01-02 14:17:37', '内网IP|0|0|内网IP|内网IP', '127.0.0.1');
INSERT INTO `t_login_log` VALUES ('admin', '2021-01-02 14:26:22', '内网IP|0|0|内网IP|内网IP', '127.0.0.1');
INSERT INTO `t_login_log` VALUES ('admin', '2021-01-02 15:26:24', '内网IP|0|0|内网IP|内网IP', '127.0.0.1');
INSERT INTO `t_login_log` VALUES ('admin', '2021-01-02 15:38:45', '内网IP|0|0|内网IP|内网IP', '127.0.0.1');
INSERT INTO `t_login_log` VALUES ('admin', '2021-01-02 16:11:47', '内网IP|0|0|内网IP|内网IP', '127.0.0.1');
INSERT INTO `t_login_log` VALUES ('admin', '2021-01-02 16:41:05', '内网IP|0|0|内网IP|内网IP', '127.0.0.1');
INSERT INTO `t_login_log` VALUES ('admin', '2021-01-02 23:11:11', '内网IP|0|0|内网IP|内网IP', '127.0.0.1');
INSERT INTO `t_login_log` VALUES ('admin', '2021-01-03 00:26:49', '内网IP|0|0|内网IP|内网IP', '127.0.0.1');
INSERT INTO `t_login_log` VALUES ('admin', '2021-01-03 14:27:54', '内网IP|0|0|内网IP|内网IP', '127.0.0.1');
INSERT INTO `t_login_log` VALUES ('admin', '2021-01-03 14:42:17', '内网IP|0|0|内网IP|内网IP', '127.0.0.1');
INSERT INTO `t_login_log` VALUES ('admin', '2021-01-03 14:55:39', '内网IP|0|0|内网IP|内网IP', '127.0.0.1');
INSERT INTO `t_login_log` VALUES ('admin', '2021-01-03 15:00:32', '内网IP|0|0|内网IP|内网IP', '127.0.0.1');
INSERT INTO `t_login_log` VALUES ('admin', '2021-01-03 15:10:02', '内网IP|0|0|内网IP|内网IP', '127.0.0.1');
INSERT INTO `t_login_log` VALUES ('admin', '2021-01-03 15:28:23', '内网IP|0|0|内网IP|内网IP', '127.0.0.1');
INSERT INTO `t_login_log` VALUES ('admin', '2021-01-03 16:05:00', '内网IP|0|0|内网IP|内网IP', '127.0.0.1');
INSERT INTO `t_login_log` VALUES ('admin', '2021-01-03 16:07:17', '内网IP|0|0|内网IP|内网IP', '127.0.0.1');
INSERT INTO `t_login_log` VALUES ('admin', '2021-01-03 16:28:43', '内网IP|0|0|内网IP|内网IP', '127.0.0.1');
INSERT INTO `t_login_log` VALUES ('admin', '2021-01-03 17:06:46', '内网IP|0|0|内网IP|内网IP', '127.0.0.1');
INSERT INTO `t_login_log` VALUES ('admin', '2021-01-03 17:09:58', '内网IP|0|0|内网IP|内网IP', '127.0.0.1');
INSERT INTO `t_login_log` VALUES ('admin', '2021-01-03 17:10:17', '内网IP|0|0|内网IP|内网IP', '127.0.0.1');
INSERT INTO `t_login_log` VALUES ('admin', '2021-01-03 17:12:55', '内网IP|0|0|内网IP|内网IP', '127.0.0.1');
INSERT INTO `t_login_log` VALUES ('admin', '2021-01-03 17:18:15', '内网IP|0|0|内网IP|内网IP', '127.0.0.1');
INSERT INTO `t_login_log` VALUES ('admin', '2021-01-03 17:30:01', '内网IP|0|0|内网IP|内网IP', '127.0.0.1');
INSERT INTO `t_login_log` VALUES ('admin', '2021-01-03 17:36:47', '内网IP|0|0|内网IP|内网IP', '127.0.0.1');
INSERT INTO `t_login_log` VALUES ('admin', '2021-01-03 17:37:45', '内网IP|0|0|内网IP|内网IP', '127.0.0.1');
INSERT INTO `t_login_log` VALUES ('admin', '2021-01-03 17:42:29', '内网IP|0|0|内网IP|内网IP', '127.0.0.1');
INSERT INTO `t_login_log` VALUES ('admin', '2021-01-03 17:49:02', '内网IP|0|0|内网IP|内网IP', '127.0.0.1');
INSERT INTO `t_login_log` VALUES ('admin', '2021-01-03 17:49:19', '内网IP|0|0|内网IP|内网IP', '127.0.0.1');
INSERT INTO `t_login_log` VALUES ('admin', '2021-01-03 17:54:50', '内网IP|0|0|内网IP|内网IP', '127.0.0.1');
INSERT INTO `t_login_log` VALUES ('admin', '2021-01-03 18:53:18', '内网IP|0|0|内网IP|内网IP', '127.0.0.1');
INSERT INTO `t_login_log` VALUES ('admin', '2021-01-03 18:53:44', '内网IP|0|0|内网IP|内网IP', '127.0.0.1');
INSERT INTO `t_login_log` VALUES ('admin', '2021-01-03 18:54:19', '内网IP|0|0|内网IP|内网IP', '127.0.0.1');
INSERT INTO `t_login_log` VALUES ('admin', '2021-01-03 18:55:10', '内网IP|0|0|内网IP|内网IP', '127.0.0.1');
INSERT INTO `t_login_log` VALUES ('admin', '2021-01-03 18:56:29', '内网IP|0|0|内网IP|内网IP', '127.0.0.1');
INSERT INTO `t_login_log` VALUES ('admin', '2021-01-03 18:59:25', '内网IP|0|0|内网IP|内网IP', '127.0.0.1');
INSERT INTO `t_login_log` VALUES ('admin', '2021-01-03 19:02:56', '内网IP|0|0|内网IP|内网IP', '127.0.0.1');
INSERT INTO `t_login_log` VALUES ('admin', '2021-01-03 19:10:11', '内网IP|0|0|内网IP|内网IP', '127.0.0.1');
INSERT INTO `t_login_log` VALUES ('admin', '2021-01-03 19:13:28', '内网IP|0|0|内网IP|内网IP', '127.0.0.1');
INSERT INTO `t_login_log` VALUES ('admin', '2021-01-03 19:15:30', '内网IP|0|0|内网IP|内网IP', '127.0.0.1');
INSERT INTO `t_login_log` VALUES ('admin', '2021-01-03 19:17:24', '内网IP|0|0|内网IP|内网IP', '127.0.0.1');
INSERT INTO `t_login_log` VALUES ('admin', '2021-01-03 19:21:52', '内网IP|0|0|内网IP|内网IP', '127.0.0.1');
INSERT INTO `t_login_log` VALUES ('admin', '2021-01-03 19:31:06', '内网IP|0|0|内网IP|内网IP', '127.0.0.1');
INSERT INTO `t_login_log` VALUES ('admin', '2021-01-03 19:45:58', '内网IP|0|0|内网IP|内网IP', '127.0.0.1');
INSERT INTO `t_login_log` VALUES ('admin', '2021-01-03 19:46:25', '内网IP|0|0|内网IP|内网IP', '127.0.0.1');
INSERT INTO `t_login_log` VALUES ('admin', '2021-01-03 19:57:11', '内网IP|0|0|内网IP|内网IP', '127.0.0.1');
INSERT INTO `t_login_log` VALUES ('admin', '2021-01-03 20:12:07', '内网IP|0|0|内网IP|内网IP', '127.0.0.1');
INSERT INTO `t_login_log` VALUES ('admin', '2021-01-03 20:17:46', '内网IP|0|0|内网IP|内网IP', '127.0.0.1');
INSERT INTO `t_login_log` VALUES ('admin', '2021-01-03 20:17:51', '内网IP|0|0|内网IP|内网IP', '127.0.0.1');
INSERT INTO `t_login_log` VALUES ('admin', '2021-01-03 20:19:59', '内网IP|0|0|内网IP|内网IP', '127.0.0.1');
INSERT INTO `t_login_log` VALUES ('manager_1', '2021-01-03 20:22:05', '内网IP|0|0|内网IP|内网IP', '127.0.0.1');
INSERT INTO `t_login_log` VALUES ('admin', '2021-01-03 20:22:23', '内网IP|0|0|内网IP|内网IP', '127.0.0.1');
INSERT INTO `t_login_log` VALUES ('admin', '2021-01-03 21:01:44', '内网IP|0|0|内网IP|内网IP', '127.0.0.1');
INSERT INTO `t_login_log` VALUES ('stu_test1', '2021-01-03 21:13:24', '内网IP|0|0|内网IP|内网IP', '127.0.0.1');
INSERT INTO `t_login_log` VALUES ('manager_1', '2021-01-03 21:14:16', '内网IP|0|0|内网IP|内网IP', '127.0.0.1');
INSERT INTO `t_login_log` VALUES ('teacher_1', '2021-01-03 21:14:44', '内网IP|0|0|内网IP|内网IP', '127.0.0.1');
INSERT INTO `t_login_log` VALUES ('admin', '2021-01-03 21:15:37', '内网IP|0|0|内网IP|内网IP', '127.0.0.1');
INSERT INTO `t_login_log` VALUES ('stu_test1', '2021-01-03 21:34:52', '内网IP|0|0|内网IP|内网IP', '127.0.0.1');
INSERT INTO `t_login_log` VALUES ('manager_1', '2021-01-03 21:35:54', '内网IP|0|0|内网IP|内网IP', '127.0.0.1');
INSERT INTO `t_login_log` VALUES ('teacher_1', '2021-01-03 21:53:20', '内网IP|0|0|内网IP|内网IP', '127.0.0.1');
INSERT INTO `t_login_log` VALUES ('admin', '2021-01-03 23:25:28', '内网IP|0|0|内网IP|内网IP', '127.0.0.1');
INSERT INTO `t_login_log` VALUES ('stu_test1', '2021-01-03 23:58:53', '内网IP|0|0|内网IP|内网IP', '127.0.0.1');
INSERT INTO `t_login_log` VALUES ('admin', '2021-01-04 10:05:07', '内网IP|0|0|内网IP|内网IP', '127.0.0.1');
INSERT INTO `t_login_log` VALUES ('stu_test1', '2021-01-04 10:05:59', '内网IP|0|0|内网IP|内网IP', '127.0.0.1');
INSERT INTO `t_login_log` VALUES ('admin', '2021-01-04 10:06:11', '内网IP|0|0|内网IP|内网IP', '127.0.0.1');
INSERT INTO `t_login_log` VALUES ('admin', '2021-01-04 10:07:00', '内网IP|0|0|内网IP|内网IP', '127.0.0.1');
INSERT INTO `t_login_log` VALUES ('stu_test1', '2021-01-04 10:07:39', '内网IP|0|0|内网IP|内网IP', '127.0.0.1');
INSERT INTO `t_login_log` VALUES ('teacher_1', '2021-01-04 10:50:57', '内网IP|0|0|内网IP|内网IP', '127.0.0.1');
INSERT INTO `t_login_log` VALUES ('manager_1', '2021-01-04 10:51:49', '内网IP|0|0|内网IP|内网IP', '127.0.0.1');
INSERT INTO `t_login_log` VALUES ('manager_1', '2021-01-04 10:53:03', '内网IP|0|0|内网IP|内网IP', '127.0.0.1');
INSERT INTO `t_login_log` VALUES ('admin', '2021-01-04 10:53:10', '内网IP|0|0|内网IP|内网IP', '127.0.0.1');
INSERT INTO `t_login_log` VALUES ('admin', '2021-01-04 10:54:12', '内网IP|0|0|内网IP|内网IP', '127.0.0.1');
INSERT INTO `t_login_log` VALUES ('admin', '2021-01-04 10:55:10', '内网IP|0|0|内网IP|内网IP', '127.0.0.1');
INSERT INTO `t_login_log` VALUES ('admin', '2021-01-04 10:56:20', '内网IP|0|0|内网IP|内网IP', '127.0.0.1');
INSERT INTO `t_login_log` VALUES ('stu_test1', '2021-01-04 10:57:34', '内网IP|0|0|内网IP|内网IP', '127.0.0.1');
INSERT INTO `t_login_log` VALUES ('stu_test1', '2021-01-04 10:59:09', '内网IP|0|0|内网IP|内网IP', '127.0.0.1');
INSERT INTO `t_login_log` VALUES ('teacher_1', '2021-01-04 10:59:15', '内网IP|0|0|内网IP|内网IP', '127.0.0.1');
INSERT INTO `t_login_log` VALUES ('stu_test1', '2021-01-04 11:00:18', '内网IP|0|0|内网IP|内网IP', '127.0.0.1');
INSERT INTO `t_login_log` VALUES ('stu_test2', '2021-01-04 11:04:09', '内网IP|0|0|内网IP|内网IP', '127.0.0.1');
INSERT INTO `t_login_log` VALUES ('stu_test3', '2021-01-04 11:04:50', '内网IP|0|0|内网IP|内网IP', '127.0.0.1');
INSERT INTO `t_login_log` VALUES ('stu_test1', '2021-01-04 11:07:05', '内网IP|0|0|内网IP|内网IP', '127.0.0.1');
INSERT INTO `t_login_log` VALUES ('stu_test1', '2021-01-04 11:08:12', '内网IP|0|0|内网IP|内网IP', '127.0.0.1');
INSERT INTO `t_login_log` VALUES ('stu_test3', '2021-01-04 11:08:22', '内网IP|0|0|内网IP|内网IP', '127.0.0.1');
INSERT INTO `t_login_log` VALUES ('manager_1', '2021-01-04 11:08:24', '内网IP|0|0|内网IP|内网IP', '127.0.0.1');
INSERT INTO `t_login_log` VALUES ('stu_test1', '2021-01-04 11:08:54', '内网IP|0|0|内网IP|内网IP', '127.0.0.1');
INSERT INTO `t_login_log` VALUES ('teacher_1', '2021-01-04 11:18:37', '内网IP|0|0|内网IP|内网IP', '127.0.0.1');
INSERT INTO `t_login_log` VALUES ('stu_test3', '2021-01-04 11:35:33', '内网IP|0|0|内网IP|内网IP', '127.0.0.1');
INSERT INTO `t_login_log` VALUES ('admin', '2021-01-04 11:39:51', '内网IP|0|0|内网IP|内网IP', '127.0.0.1');
INSERT INTO `t_login_log` VALUES ('manager_1', '2021-01-04 11:41:07', '内网IP|0|0|内网IP|内网IP', '127.0.0.1');
INSERT INTO `t_login_log` VALUES ('admin', '2021-01-04 11:46:51', '内网IP|0|0|内网IP|内网IP', '127.0.0.1');
INSERT INTO `t_login_log` VALUES ('teacher_1', '2021-01-04 11:46:52', '内网IP|0|0|内网IP|内网IP', '127.0.0.1');
INSERT INTO `t_login_log` VALUES ('stu_test1', '2021-01-04 11:47:04', '内网IP|0|0|内网IP|内网IP', '127.0.0.1');
INSERT INTO `t_login_log` VALUES ('admin', '2021-01-04 11:47:13', '内网IP|0|0|内网IP|内网IP', '127.0.0.1');
INSERT INTO `t_login_log` VALUES ('admin', '2021-01-04 12:54:30', '内网IP|0|0|内网IP|内网IP', '127.0.0.1');
INSERT INTO `t_login_log` VALUES ('admin', '2021-01-04 12:54:40', '内网IP|0|0|内网IP|内网IP', '127.0.0.1');
INSERT INTO `t_login_log` VALUES ('stu_test1', '2021-01-04 12:54:46', '内网IP|0|0|内网IP|内网IP', '127.0.0.1');
INSERT INTO `t_login_log` VALUES ('teacher_1', '2021-01-04 12:54:53', '内网IP|0|0|内网IP|内网IP', '127.0.0.1');
INSERT INTO `t_login_log` VALUES ('stu_test1', '2021-01-04 12:56:02', '内网IP|0|0|内网IP|内网IP', '127.0.0.1');
INSERT INTO `t_login_log` VALUES ('teacher_1', '2021-01-04 12:59:08', '内网IP|0|0|内网IP|内网IP', '127.0.0.1');
INSERT INTO `t_login_log` VALUES ('teacher_1', '2021-01-04 13:43:29', '内网IP|0|0|内网IP|内网IP', '127.0.0.1');
INSERT INTO `t_login_log` VALUES ('admin', '2021-01-04 13:55:43', '内网IP|0|0|内网IP|内网IP', '127.0.0.1');
INSERT INTO `t_login_log` VALUES ('admin', '2021-01-04 13:59:42', '内网IP|0|0|内网IP|内网IP', '127.0.0.1');
INSERT INTO `t_login_log` VALUES ('stu_test6', '2021-01-04 14:01:22', '内网IP|0|0|内网IP|内网IP', '127.0.0.1');
INSERT INTO `t_login_log` VALUES ('admin', '2021-01-04 14:03:09', '内网IP|0|0|内网IP|内网IP', '127.0.0.1');
INSERT INTO `t_login_log` VALUES ('stu_test3', '2021-01-04 14:12:28', '内网IP|0|0|内网IP|内网IP', '127.0.0.1');
INSERT INTO `t_login_log` VALUES ('teacher_1', '2021-01-04 14:55:42', '内网IP|0|0|内网IP|内网IP', '127.0.0.1');
INSERT INTO `t_login_log` VALUES ('stu_test1', '2021-01-04 14:56:21', '内网IP|0|0|内网IP|内网IP', '127.0.0.1');
INSERT INTO `t_login_log` VALUES ('stu_test1', '2021-01-04 14:56:48', '内网IP|0|0|内网IP|内网IP', '127.0.0.1');

-- ----------------------------
-- Table structure for t_menu
-- ----------------------------
DROP TABLE IF EXISTS `t_menu`;
CREATE TABLE `t_menu`  (
  `MENU_ID` bigint(0) NOT NULL AUTO_INCREMENT COMMENT '菜单/按钮ID',
  `PARENT_ID` bigint(0) NOT NULL COMMENT '上级菜单ID',
  `MENU_NAME` varchar(50) CHARACTER SET utf8mb4 COLLATE utf8mb4_general_ci NOT NULL COMMENT '菜单/按钮名称',
  `PATH` varchar(255) CHARACTER SET utf8mb4 COLLATE utf8mb4_general_ci NULL DEFAULT NULL COMMENT '对应路由path',
  `COMPONENT` varchar(255) CHARACTER SET utf8mb4 COLLATE utf8mb4_general_ci NULL DEFAULT NULL COMMENT '对应路由组件component',
  `PERMS` varchar(50) CHARACTER SET utf8mb4 COLLATE utf8mb4_general_ci NULL DEFAULT NULL COMMENT '权限标识',
  `ICON` varchar(50) CHARACTER SET utf8mb4 COLLATE utf8mb4_general_ci NULL DEFAULT NULL COMMENT '图标',
  `TYPE` char(2) CHARACTER SET utf8mb4 COLLATE utf8mb4_general_ci NOT NULL COMMENT '类型 0菜单 1按钮',
  `ORDER_NUM` bigint(0) NULL DEFAULT NULL,
  `CREATE_TIME` datetime(0) NOT NULL COMMENT '创建时间',
  `MODIFY_TIME` datetime(0) NULL DEFAULT NULL COMMENT '修改时间',
  `STATUS` char(1) CHARACTER SET utf8mb4 COLLATE utf8mb4_general_ci NOT NULL DEFAULT '1',
  `CREATE_USERNAME` varchar(100) CHARACTER SET utf8mb4 COLLATE utf8mb4_general_ci NULL DEFAULT NULL,
  `CREATE_USER_ID` bigint(0) NULL DEFAULT NULL,
  `MODIFY_USERNAME` varchar(100) CHARACTER SET utf8mb4 COLLATE utf8mb4_general_ci NULL DEFAULT NULL,
  `MODIFY_USER_ID` bigint(0) NULL DEFAULT NULL,
  PRIMARY KEY (`MENU_ID`) USING BTREE
) ENGINE = InnoDB AUTO_INCREMENT = 227 CHARACTER SET = utf8mb4 COLLATE = utf8mb4_general_ci ROW_FORMAT = Dynamic;

-- ----------------------------
-- Records of t_menu
-- ----------------------------
INSERT INTO `t_menu` VALUES (1, 0, '系统管理', '/system', 'PageView', NULL, 'appstore-o', '0', 5, '2017-12-27 16:39:07', '2021-01-03 19:22:54', '1', NULL, NULL, NULL, NULL);
INSERT INTO `t_menu` VALUES (2, 0, '系统监控', '/monitor', 'PageView', NULL, 'dashboard', '0', 2, '2017-12-27 16:45:51', '2019-01-23 06:27:12', '1', NULL, NULL, NULL, NULL);
INSERT INTO `t_menu` VALUES (3, 1, '用户管理', '/system/user', 'system/user/User', 'user:view', '', '0', 1, '2017-12-27 16:47:13', '2019-01-22 06:45:55', '1', NULL, NULL, NULL, NULL);
INSERT INTO `t_menu` VALUES (4, 1, '角色管理', '/system/role', 'system/role/Role', 'role:view', '', '0', 2, '2017-12-27 16:48:09', '2018-04-25 09:01:12', '1', NULL, NULL, NULL, NULL);
INSERT INTO `t_menu` VALUES (5, 1, '菜单管理', '/system/menu', 'system/menu/Menu', 'menu:view', '', '0', 3, '2017-12-27 16:48:57', '2018-04-25 09:01:30', '1', NULL, NULL, NULL, NULL);
INSERT INTO `t_menu` VALUES (6, 1, '部门管理', '/system/dept', 'system/dept/Dept', 'dept:view', '', '0', 4, '2017-12-27 16:57:33', '2018-04-25 09:01:40', '1', NULL, NULL, NULL, NULL);
INSERT INTO `t_menu` VALUES (8, 2, '在线用户', '/monitor/online', 'monitor/Online', 'user:online', '', '0', 1, '2017-12-27 16:59:33', '2018-04-25 09:02:04', '1', NULL, NULL, NULL, NULL);
INSERT INTO `t_menu` VALUES (10, 2, '系统日志', '/monitor/systemlog', 'monitor/SystemLog', 'log:view', '', '0', 2, '2017-12-27 17:00:50', '2018-04-25 09:02:18', '1', NULL, NULL, NULL, NULL);
INSERT INTO `t_menu` VALUES (11, 3, '新增用户', '', '', 'user:add', NULL, '1', NULL, '2017-12-27 17:02:58', NULL, '1', NULL, NULL, NULL, NULL);
INSERT INTO `t_menu` VALUES (12, 3, '修改用户', '', '', 'user:update', NULL, '1', NULL, '2017-12-27 17:04:07', NULL, '1', NULL, NULL, NULL, NULL);
INSERT INTO `t_menu` VALUES (13, 3, '删除用户', '', '', 'user:delete', NULL, '1', NULL, '2017-12-27 17:04:58', NULL, '1', NULL, NULL, NULL, NULL);
INSERT INTO `t_menu` VALUES (14, 4, '新增角色', '', '', 'role:add', NULL, '1', NULL, '2017-12-27 17:06:38', NULL, '1', NULL, NULL, NULL, NULL);
INSERT INTO `t_menu` VALUES (15, 4, '修改角色', '', '', 'role:update', NULL, '1', NULL, '2017-12-27 17:06:38', NULL, '1', NULL, NULL, NULL, NULL);
INSERT INTO `t_menu` VALUES (16, 4, '删除角色', '', '', 'role:delete', NULL, '1', NULL, '2017-12-27 17:06:38', NULL, '1', NULL, NULL, NULL, NULL);
INSERT INTO `t_menu` VALUES (17, 5, '新增菜单', '', '', 'menu:add', NULL, '1', NULL, '2017-12-27 17:08:02', NULL, '1', NULL, NULL, NULL, NULL);
INSERT INTO `t_menu` VALUES (18, 5, '修改菜单', '', '', 'menu:update', NULL, '1', NULL, '2017-12-27 17:08:02', NULL, '1', NULL, NULL, NULL, NULL);
INSERT INTO `t_menu` VALUES (19, 5, '删除菜单', '', '', 'menu:delete', NULL, '1', NULL, '2017-12-27 17:08:02', NULL, '1', NULL, NULL, NULL, NULL);
INSERT INTO `t_menu` VALUES (20, 6, '新增部门', '', '', 'dept:add', NULL, '1', NULL, '2017-12-27 17:09:24', NULL, '1', NULL, NULL, NULL, NULL);
INSERT INTO `t_menu` VALUES (21, 6, '修改部门', '', '', 'dept:update', NULL, '1', NULL, '2017-12-27 17:09:24', NULL, '1', NULL, NULL, NULL, NULL);
INSERT INTO `t_menu` VALUES (22, 6, '删除部门', '', '', 'dept:delete', NULL, '1', NULL, '2017-12-27 17:09:24', NULL, '1', NULL, NULL, NULL, NULL);
INSERT INTO `t_menu` VALUES (23, 8, '踢出用户', '', '', 'user:kickout', NULL, '1', NULL, '2017-12-27 17:11:13', NULL, '1', NULL, NULL, NULL, NULL);
INSERT INTO `t_menu` VALUES (24, 10, '删除日志', '', '', 'log:delete', NULL, '1', NULL, '2017-12-27 17:11:45', NULL, '1', NULL, NULL, NULL, NULL);
INSERT INTO `t_menu` VALUES (58, 0, '网络资源', '/web', 'PageView', NULL, 'compass', '0', 4, '2018-01-12 15:28:48', '2019-12-23 11:09:34', '0', NULL, NULL, 'mrbird', 1);
INSERT INTO `t_menu` VALUES (59, 58, '天气查询', '/web/weather', 'web/Weather', 'weather:view', '', '0', 1, '2018-01-12 15:40:02', '2019-12-23 11:09:34', '0', NULL, NULL, 'mrbird', 1);
INSERT INTO `t_menu` VALUES (61, 58, '每日一文', '/web/dailyArticle', 'web/DailyArticle', 'article:view', '', '0', 2, '2018-01-15 17:17:14', '2019-12-23 11:09:34', '0', NULL, NULL, 'mrbird', 1);
INSERT INTO `t_menu` VALUES (64, 1, '字典管理', '/system/dict', 'system/dict/Dict', 'dict:view', '', '0', 5, '2018-01-18 10:38:25', '2019-12-23 11:15:24', '0', NULL, NULL, 'admin', 35);
INSERT INTO `t_menu` VALUES (65, 64, '新增字典', '', '', 'dict:add', NULL, '1', NULL, '2018-01-18 19:10:08', '2019-12-23 11:15:24', '0', NULL, NULL, 'admin', 35);
INSERT INTO `t_menu` VALUES (66, 64, '修改字典', '', '', 'dict:update', NULL, '1', NULL, '2018-01-18 19:10:27', '2019-12-23 11:15:24', '0', NULL, NULL, 'admin', 35);
INSERT INTO `t_menu` VALUES (67, 64, '删除字典', '', '', 'dict:delete', NULL, '1', NULL, '2018-01-18 19:10:47', '2019-12-23 11:15:24', '0', NULL, NULL, 'admin', 35);
INSERT INTO `t_menu` VALUES (81, 58, '影视资讯', '/web/movie', 'EmptyPageView', NULL, NULL, '0', 3, '2018-01-22 14:12:59', '2019-12-23 11:09:34', '0', NULL, NULL, 'mrbird', 1);
INSERT INTO `t_menu` VALUES (82, 81, '正在热映', '/web/movie/hot', 'web/MovieHot', 'movie:hot', '', '0', 1, '2018-01-22 14:13:47', '2019-12-23 11:09:34', '0', NULL, NULL, 'mrbird', 1);
INSERT INTO `t_menu` VALUES (83, 81, '即将上映', '/web/movie/coming', 'web/MovieComing', 'movie:coming', '', '0', 2, '2018-01-22 14:14:36', '2019-12-23 11:09:34', '0', NULL, NULL, 'mrbird', 1);
INSERT INTO `t_menu` VALUES (101, 0, '任务调度', '/job', 'PageView', NULL, 'clock-circle-o', '0', 3, '2018-01-11 15:52:57', '2019-12-23 11:09:39', '0', NULL, NULL, 'mrbird', 1);
INSERT INTO `t_menu` VALUES (102, 101, '定时任务', '/job/job', 'quartz/job/Job', 'job:view', '', '0', 1, '2018-02-24 15:53:53', '2019-12-23 11:09:39', '0', NULL, NULL, 'mrbird', 1);
INSERT INTO `t_menu` VALUES (103, 102, '新增任务', '', '', 'job:add', NULL, '1', NULL, '2018-02-24 15:55:10', '2019-12-23 11:09:39', '0', NULL, NULL, 'mrbird', 1);
INSERT INTO `t_menu` VALUES (104, 102, '修改任务', '', '', 'job:update', NULL, '1', NULL, '2018-02-24 15:55:53', '2019-12-23 11:09:39', '0', NULL, NULL, 'mrbird', 1);
INSERT INTO `t_menu` VALUES (105, 102, '删除任务', '', '', 'job:delete', NULL, '1', NULL, '2018-02-24 15:56:18', '2019-12-23 11:09:39', '0', NULL, NULL, 'mrbird', 1);
INSERT INTO `t_menu` VALUES (106, 102, '暂停任务', '', '', 'job:pause', NULL, '1', NULL, '2018-02-24 15:57:08', '2019-12-23 11:09:39', '0', NULL, NULL, 'mrbird', 1);
INSERT INTO `t_menu` VALUES (107, 102, '恢复任务', '', '', 'job:resume', NULL, '1', NULL, '2018-02-24 15:58:21', '2019-12-23 11:09:39', '0', NULL, NULL, 'mrbird', 1);
INSERT INTO `t_menu` VALUES (108, 102, '立即执行任务', '', '', 'job:run', NULL, '1', NULL, '2018-02-24 15:59:45', '2019-12-23 11:09:39', '0', NULL, NULL, 'mrbird', 1);
INSERT INTO `t_menu` VALUES (109, 101, '调度日志', '/job/log', 'quartz/log/JobLog', 'jobLog:view', '', '0', 2, '2018-02-24 16:00:45', '2019-12-23 11:09:39', '0', NULL, NULL, 'mrbird', 1);
INSERT INTO `t_menu` VALUES (110, 109, '删除日志', '', '', 'jobLog:delete', NULL, '1', NULL, '2018-02-24 16:01:21', '2019-12-23 11:09:39', '0', NULL, NULL, 'mrbird', 1);
INSERT INTO `t_menu` VALUES (113, 2, 'Redis监控', '/monitor/redis/info', 'monitor/RedisInfo', 'redis:view', '', '0', 3, '2018-06-28 14:29:42', NULL, '1', NULL, NULL, NULL, NULL);
INSERT INTO `t_menu` VALUES (121, 2, '请求追踪', '/monitor/httptrace', 'monitor/Httptrace', NULL, NULL, '0', 4, '2019-01-18 02:30:29', NULL, '1', NULL, NULL, NULL, NULL);
INSERT INTO `t_menu` VALUES (122, 2, '系统信息', '/monitor/system', 'EmptyPageView', NULL, NULL, '0', 5, '2019-01-18 02:31:48', '2019-12-10 11:53:56', '1', NULL, NULL, NULL, NULL);
INSERT INTO `t_menu` VALUES (123, 122, 'Tomcat信息', '/monitor/system/tomcat/info', 'monitor/TomcatInfo', NULL, NULL, '0', 2, '2019-01-18 02:32:53', '2019-01-18 02:46:57', '1', NULL, NULL, NULL, NULL);
INSERT INTO `t_menu` VALUES (124, 122, 'JVM信息', '/monitor/system/jvm/info', 'monitor/JvmInfo', NULL, NULL, '0', 1, '2019-01-18 02:33:30', '2019-01-18 02:46:51', '1', NULL, NULL, NULL, NULL);
INSERT INTO `t_menu` VALUES (127, 122, '服务器信息', '/monitor/system/system/info', 'monitor/SystemInfo', NULL, NULL, '0', 3, '2019-01-21 07:53:43', '2019-01-21 07:57:00', '1', NULL, NULL, NULL, NULL);
INSERT INTO `t_menu` VALUES (128, 0, '其他模块', '/others', 'PageView', NULL, 'coffee', '0', 5, '2019-01-22 06:49:59', '2019-12-23 11:09:34', '0', NULL, NULL, 'mrbird', 1);
INSERT INTO `t_menu` VALUES (129, 128, '导入导出', '/others/excel', 'others/Excel', NULL, NULL, '0', 1, '2019-01-22 06:51:36', '2019-12-23 11:09:34', '0', NULL, NULL, 'mrbird', 1);
INSERT INTO `t_menu` VALUES (135, 3, '密码重置', NULL, NULL, 'user:reset', NULL, '1', NULL, '2019-01-23 06:37:00', NULL, '1', NULL, NULL, NULL, NULL);
INSERT INTO `t_menu` VALUES (136, 10, '导出Excel', NULL, NULL, 'log:export', NULL, '1', NULL, '2019-01-23 06:37:27', NULL, '1', NULL, NULL, NULL, NULL);
INSERT INTO `t_menu` VALUES (137, 102, '导出Excel', NULL, NULL, 'job:export', NULL, '1', NULL, '2019-01-23 06:37:59', '2019-12-23 11:09:39', '0', NULL, NULL, 'mrbird', 1);
INSERT INTO `t_menu` VALUES (138, 109, '导出Excel', NULL, NULL, 'jobLog:export', NULL, '1', NULL, '2019-01-23 06:38:32', '2019-12-23 11:09:39', '0', NULL, NULL, 'mrbird', 1);
INSERT INTO `t_menu` VALUES (200, 2, '请求外部日志', '/monitor/requestlog', 'monitor/RequestLog', 'log:view', '', '0', 6, '2017-12-27 16:47:13', NULL, '1', NULL, NULL, NULL, NULL);
INSERT INTO `t_menu` VALUES (201, 200, '删除日志', '', '', 'log:delete', NULL, '1', NULL, '2019-12-11 17:04:58', NULL, '1', NULL, NULL, NULL, NULL);
INSERT INTO `t_menu` VALUES (202, 200, '导出Excel', '', '', 'log:export', NULL, '1', NULL, '2019-12-11 17:04:59', NULL, '1', NULL, NULL, NULL, NULL);
INSERT INTO `t_menu` VALUES (203, 0, '项目管理', '/project', 'PageView', '', 'user', '0', 0, '2020-12-25 18:35:16', '2021-01-03 19:15:59', '1', NULL, NULL, NULL, NULL);
INSERT INTO `t_menu` VALUES (204, 203, '查看项目', '/project/view', 'EmptyPageView', '', 'crown', '0', NULL, '2020-12-25 18:46:24', '2020-12-27 16:06:23', '1', NULL, NULL, NULL, NULL);
INSERT INTO `t_menu` VALUES (205, 204, '所有项目', '/project/view/all', 'project/view/ProjectList', 'project:all', 'book', '0', 0, '2020-12-27 15:30:52', '2020-12-27 16:02:27', '1', NULL, NULL, NULL, NULL);
INSERT INTO `t_menu` VALUES (206, 204, '我的项目', '/project/view/mine', 'project/view/ProjectDetail', 'project:my', 'smile', '0', 1, '2020-12-27 15:43:55', '2020-12-27 16:03:03', '1', NULL, NULL, NULL, NULL);
INSERT INTO `t_menu` VALUES (207, 203, '创建项目', '/project/create', 'project/create/ProjectCreate', 'project:create', 'search', '0', NULL, '2020-12-27 17:48:42', NULL, '1', NULL, NULL, NULL, NULL);
INSERT INTO `t_menu` VALUES (209, 0, '文档管理', '/docs', 'PageView', NULL, 'file-text', '0', 2, '2020-12-27 17:57:29', '2021-01-03 19:20:34', '1', NULL, NULL, NULL, NULL);
INSERT INTO `t_menu` VALUES (210, 209, '上传文档', '/docs/upload', 'docs/Upload', 'docs:upload', 'upload', '0', NULL, '2020-12-27 18:02:44', '2020-12-29 11:23:01', '1', NULL, NULL, NULL, NULL);
INSERT INTO `t_menu` VALUES (211, 209, '下载文档', '/docs/download', 'docs/Download', 'docs:download', 'download', '0', NULL, '2020-12-27 18:03:44', '2020-12-29 11:28:14', '1', NULL, NULL, NULL, NULL);
INSERT INTO `t_menu` VALUES (212, 0, '统计报表', '/statistics', 'PageView', '', 'dot-chart', '0', 3, '2020-12-27 18:15:00', '2021-01-03 20:59:41', '1', NULL, NULL, NULL, NULL);
INSERT INTO `t_menu` VALUES (213, 0, '评分管理', '/score', 'PageView', NULL, 'check-square', '0', 1, '2020-12-27 18:20:46', '2021-01-03 19:18:14', '1', NULL, NULL, NULL, NULL);
INSERT INTO `t_menu` VALUES (214, 213, '进行打分', '/score/mark', 'project/score/give/GiveScore', 'score:give', 'highlight', '0', 0, '2020-12-27 18:22:29', '2021-01-03 19:30:21', '1', NULL, NULL, NULL, NULL);
INSERT INTO `t_menu` VALUES (215, 213, '我的成绩', '/score/query', 'project/score/query/QueryScore', 'score:my', 'eye', '0', 2, '2020-12-27 18:23:47', '2021-01-03 19:30:55', '1', NULL, NULL, NULL, NULL);
INSERT INTO `t_menu` VALUES (216, 213, '全班得分', '/score/all', 'project/score/all/AllScore', 'score:all', 'diff', '0', 1, '2020-12-31 18:01:49', '2021-01-03 19:30:34', '1', NULL, NULL, NULL, NULL);
INSERT INTO `t_menu` VALUES (220, 0, '管理工具', '/toolbox', 'PageView', NULL, 'calendar', '0', 4, '2021-01-03 17:41:47', '2021-01-03 19:21:13', '1', NULL, NULL, NULL, NULL);
INSERT INTO `t_menu` VALUES (221, 220, '甘特图', '/toolbox/gantt', 'toolbox/Gantt', NULL, 'box-plot', '0', 0, '2021-01-03 18:56:24', NULL, '1', NULL, NULL, NULL, NULL);
INSERT INTO `t_menu` VALUES (222, 220, '思维导图', '/toolbox/mindmap', 'toolbox/MindMap', NULL, 'branches', '0', 1, '2021-01-03 18:57:30', NULL, '1', NULL, NULL, NULL, NULL);
INSERT INTO `t_menu` VALUES (223, 220, 'MarkDown编辑', '/toolbox/markdown', 'toolbox/MarkDown', NULL, 'file-markdown', '0', 2, '2021-01-03 18:59:02', NULL, '1', NULL, NULL, NULL, NULL);
INSERT INTO `t_menu` VALUES (224, 212, '绩效考核', '/statistics/performance', 'statistics/Performance', NULL, 'file-search', '0', NULL, '2021-01-03 20:52:22', NULL, '1', NULL, NULL, NULL, NULL);
INSERT INTO `t_menu` VALUES (225, 212, '项目进度', '/statistics/progress', 'statistics/ProjectProgress', NULL, 'rise', '0', NULL, '2021-01-03 20:53:30', NULL, '1', NULL, NULL, NULL, NULL);
INSERT INTO `t_menu` VALUES (226, 203, '任务看板', '/project/todolist', 'project/todolist/Todolist', NULL, 'bars', '0', NULL, '2021-01-03 20:57:15', NULL, '1', NULL, NULL, NULL, NULL);

-- ----------------------------
-- Table structure for t_role
-- ----------------------------
DROP TABLE IF EXISTS `t_role`;
CREATE TABLE `t_role`  (
  `ROLE_ID` bigint(0) NOT NULL AUTO_INCREMENT COMMENT '角色ID',
  `ROLE_NAME` varchar(10) CHARACTER SET utf8mb4 COLLATE utf8mb4_general_ci NOT NULL COMMENT '角色名称',
  `REMARK` varchar(100) CHARACTER SET utf8mb4 COLLATE utf8mb4_general_ci NULL DEFAULT NULL COMMENT '角色描述',
  `CREATE_TIME` datetime(0) NOT NULL COMMENT '创建时间',
  `MODIFY_TIME` datetime(0) NULL DEFAULT NULL COMMENT '修改时间',
  `STATUS` char(1) CHARACTER SET utf8mb4 COLLATE utf8mb4_general_ci NOT NULL DEFAULT '1',
  `CREATE_USERNAME` varchar(100) CHARACTER SET utf8mb4 COLLATE utf8mb4_general_ci NULL DEFAULT NULL,
  `CREATE_USER_ID` bigint(0) NULL DEFAULT NULL,
  `MODIFY_USERNAME` varchar(100) CHARACTER SET utf8mb4 COLLATE utf8mb4_general_ci NULL DEFAULT NULL,
  `MODIFY_USER_ID` bigint(0) NULL DEFAULT NULL,
  `DATA_SCOPE` tinyint(1) UNSIGNED ZEROFILL NOT NULL,
  PRIMARY KEY (`ROLE_ID`) USING BTREE
) ENGINE = InnoDB AUTO_INCREMENT = 84 CHARACTER SET = utf8mb4 COLLATE = utf8mb4_general_ci ROW_FORMAT = Dynamic;

-- ----------------------------
-- Records of t_role
-- ----------------------------
INSERT INTO `t_role` VALUES (1, '管理员', '管理员', '2017-12-27 16:23:11', '2021-01-04 10:06:40', '1', NULL, NULL, 'admin', 35, 0);
INSERT INTO `t_role` VALUES (2, '注册用户', '可查看，新增，导出', '2019-01-04 14:11:28', '2020-05-02 19:04:34', '0', NULL, NULL, 'mrbird', 1, 2);
INSERT INTO `t_role` VALUES (72, '普通用户', '普通用户', '2019-01-23 07:33:20', '2019-12-23 11:13:32', '1', NULL, NULL, 'mrbird', 1, 0);
INSERT INTO `t_role` VALUES (74, '自定义', '自定义菜单信息\n自定义菜单信息自定义菜单信息\n自定义菜单信息\n自定义菜单信息\n自定义菜单信息自定义菜', '2019-09-09 07:57:33', '2019-12-23 11:12:30', '0', NULL, NULL, 'mrbird', 1, 0);
INSERT INTO `t_role` VALUES (81, '老师', NULL, '2021-01-06 18:59:33', '2021-01-04 11:40:23', '1', NULL, NULL, NULL, NULL, 0);
INSERT INTO `t_role` VALUES (82, '项目经理', NULL, '2020-12-11 19:01:45', '2021-01-04 11:40:39', '1', NULL, NULL, NULL, NULL, 0);
INSERT INTO `t_role` VALUES (83, '学生', NULL, '2021-01-04 19:02:12', '2021-01-04 11:40:53', '1', NULL, NULL, NULL, NULL, 0);

-- ----------------------------
-- Table structure for t_role_menu
-- ----------------------------
DROP TABLE IF EXISTS `t_role_menu`;
CREATE TABLE `t_role_menu`  (
  `ROLE_ID` bigint(0) NOT NULL,
  `MENU_ID` bigint(0) NOT NULL,
  INDEX `ROLE_ID`(`ROLE_ID`) USING BTREE,
  INDEX `MENU_ID`(`MENU_ID`) USING BTREE
) ENGINE = InnoDB CHARACTER SET = utf8mb4 COLLATE = utf8mb4_general_ci ROW_FORMAT = Dynamic;

-- ----------------------------
-- Records of t_role_menu
-- ----------------------------
INSERT INTO `t_role_menu` VALUES (72, 113);
INSERT INTO `t_role_menu` VALUES (72, 121);
INSERT INTO `t_role_menu` VALUES (72, 124);
INSERT INTO `t_role_menu` VALUES (72, 122);
INSERT INTO `t_role_menu` VALUES (72, 123);
INSERT INTO `t_role_menu` VALUES (72, 127);
INSERT INTO `t_role_menu` VALUES (72, 2);
INSERT INTO `t_role_menu` VALUES (72, 8);
INSERT INTO `t_role_menu` VALUES (72, 23);
INSERT INTO `t_role_menu` VALUES (72, 10);
INSERT INTO `t_role_menu` VALUES (72, 24);
INSERT INTO `t_role_menu` VALUES (72, 136);
INSERT INTO `t_role_menu` VALUES (72, 200);
INSERT INTO `t_role_menu` VALUES (72, 201);
INSERT INTO `t_role_menu` VALUES (72, 202);
INSERT INTO `t_role_menu` VALUES (2, 58);
INSERT INTO `t_role_menu` VALUES (80, 203);
INSERT INTO `t_role_menu` VALUES (1, 11);
INSERT INTO `t_role_menu` VALUES (1, 3);
INSERT INTO `t_role_menu` VALUES (1, 1);
INSERT INTO `t_role_menu` VALUES (1, 12);
INSERT INTO `t_role_menu` VALUES (1, 13);
INSERT INTO `t_role_menu` VALUES (1, 14);
INSERT INTO `t_role_menu` VALUES (1, 4);
INSERT INTO `t_role_menu` VALUES (1, 15);
INSERT INTO `t_role_menu` VALUES (1, 16);
INSERT INTO `t_role_menu` VALUES (1, 17);
INSERT INTO `t_role_menu` VALUES (1, 5);
INSERT INTO `t_role_menu` VALUES (1, 18);
INSERT INTO `t_role_menu` VALUES (1, 19);
INSERT INTO `t_role_menu` VALUES (1, 20);
INSERT INTO `t_role_menu` VALUES (1, 6);
INSERT INTO `t_role_menu` VALUES (1, 21);
INSERT INTO `t_role_menu` VALUES (1, 22);
INSERT INTO `t_role_menu` VALUES (1, 130);
INSERT INTO `t_role_menu` VALUES (1, 135);
INSERT INTO `t_role_menu` VALUES (1, 131);
INSERT INTO `t_role_menu` VALUES (1, 132);
INSERT INTO `t_role_menu` VALUES (1, 133);
INSERT INTO `t_role_menu` VALUES (1, 8);
INSERT INTO `t_role_menu` VALUES (1, 23);
INSERT INTO `t_role_menu` VALUES (1, 10);
INSERT INTO `t_role_menu` VALUES (1, 24);
INSERT INTO `t_role_menu` VALUES (1, 136);
INSERT INTO `t_role_menu` VALUES (1, 113);
INSERT INTO `t_role_menu` VALUES (1, 121);
INSERT INTO `t_role_menu` VALUES (1, 122);
INSERT INTO `t_role_menu` VALUES (1, 123);
INSERT INTO `t_role_menu` VALUES (1, 124);
INSERT INTO `t_role_menu` VALUES (1, 127);
INSERT INTO `t_role_menu` VALUES (1, 200);
INSERT INTO `t_role_menu` VALUES (1, 201);
INSERT INTO `t_role_menu` VALUES (1, 202);
INSERT INTO `t_role_menu` VALUES (1, 59);
INSERT INTO `t_role_menu` VALUES (1, 61);
INSERT INTO `t_role_menu` VALUES (1, 81);
INSERT INTO `t_role_menu` VALUES (1, 102);
INSERT INTO `t_role_menu` VALUES (1, 109);
INSERT INTO `t_role_menu` VALUES (1, 129);
INSERT INTO `t_role_menu` VALUES (1, 64);
INSERT INTO `t_role_menu` VALUES (1, 103);
INSERT INTO `t_role_menu` VALUES (1, 104);
INSERT INTO `t_role_menu` VALUES (1, 105);
INSERT INTO `t_role_menu` VALUES (1, 65);
INSERT INTO `t_role_menu` VALUES (1, 66);
INSERT INTO `t_role_menu` VALUES (1, 67);
INSERT INTO `t_role_menu` VALUES (1, 134);
INSERT INTO `t_role_menu` VALUES (1, 106);
INSERT INTO `t_role_menu` VALUES (1, 107);
INSERT INTO `t_role_menu` VALUES (1, 108);
INSERT INTO `t_role_menu` VALUES (1, 137);
INSERT INTO `t_role_menu` VALUES (1, 110);
INSERT INTO `t_role_menu` VALUES (1, 138);
INSERT INTO `t_role_menu` VALUES (1, 203);
INSERT INTO `t_role_menu` VALUES (1, 204);
INSERT INTO `t_role_menu` VALUES (1, 205);
INSERT INTO `t_role_menu` VALUES (1, 206);
INSERT INTO `t_role_menu` VALUES (1, 82);
INSERT INTO `t_role_menu` VALUES (1, 83);
INSERT INTO `t_role_menu` VALUES (1, 207);
INSERT INTO `t_role_menu` VALUES (1, 209);
INSERT INTO `t_role_menu` VALUES (1, 210);
INSERT INTO `t_role_menu` VALUES (1, 211);
INSERT INTO `t_role_menu` VALUES (1, 213);
INSERT INTO `t_role_menu` VALUES (1, 214);
INSERT INTO `t_role_menu` VALUES (1, 215);
INSERT INTO `t_role_menu` VALUES (1, 212);
INSERT INTO `t_role_menu` VALUES (1, 216);
INSERT INTO `t_role_menu` VALUES (1, 217);
INSERT INTO `t_role_menu` VALUES (1, 218);
INSERT INTO `t_role_menu` VALUES (1, 219);
INSERT INTO `t_role_menu` VALUES (1, 220);
INSERT INTO `t_role_menu` VALUES (1, 221);
INSERT INTO `t_role_menu` VALUES (1, 222);
INSERT INTO `t_role_menu` VALUES (1, 223);
INSERT INTO `t_role_menu` VALUES (1, 224);
INSERT INTO `t_role_menu` VALUES (1, 225);
INSERT INTO `t_role_menu` VALUES (1, 226);
INSERT INTO `t_role_menu` VALUES (1, 128);
INSERT INTO `t_role_menu` VALUES (1, 101);
INSERT INTO `t_role_menu` VALUES (1, 2);
INSERT INTO `t_role_menu` VALUES (81, 203);
INSERT INTO `t_role_menu` VALUES (81, 209);
INSERT INTO `t_role_menu` VALUES (81, 212);
INSERT INTO `t_role_menu` VALUES (81, 204);
INSERT INTO `t_role_menu` VALUES (81, 205);
INSERT INTO `t_role_menu` VALUES (81, 226);
INSERT INTO `t_role_menu` VALUES (81, 210);
INSERT INTO `t_role_menu` VALUES (81, 211);
INSERT INTO `t_role_menu` VALUES (81, 224);
INSERT INTO `t_role_menu` VALUES (81, 213);
INSERT INTO `t_role_menu` VALUES (81, 214);
INSERT INTO `t_role_menu` VALUES (81, 216);
INSERT INTO `t_role_menu` VALUES (81, 220);
INSERT INTO `t_role_menu` VALUES (81, 221);
INSERT INTO `t_role_menu` VALUES (81, 222);
INSERT INTO `t_role_menu` VALUES (81, 223);
INSERT INTO `t_role_menu` VALUES (81, 225);
INSERT INTO `t_role_menu` VALUES (81, 207);
INSERT INTO `t_role_menu` VALUES (82, 220);
INSERT INTO `t_role_menu` VALUES (82, 221);
INSERT INTO `t_role_menu` VALUES (82, 222);
INSERT INTO `t_role_menu` VALUES (82, 223);
INSERT INTO `t_role_menu` VALUES (82, 212);
INSERT INTO `t_role_menu` VALUES (82, 224);
INSERT INTO `t_role_menu` VALUES (82, 225);
INSERT INTO `t_role_menu` VALUES (82, 215);
INSERT INTO `t_role_menu` VALUES (82, 210);
INSERT INTO `t_role_menu` VALUES (82, 211);
INSERT INTO `t_role_menu` VALUES (82, 209);
INSERT INTO `t_role_menu` VALUES (82, 204);
INSERT INTO `t_role_menu` VALUES (82, 206);
INSERT INTO `t_role_menu` VALUES (82, 226);
INSERT INTO `t_role_menu` VALUES (82, 203);
INSERT INTO `t_role_menu` VALUES (82, 207);
INSERT INTO `t_role_menu` VALUES (82, 213);
INSERT INTO `t_role_menu` VALUES (83, 203);
INSERT INTO `t_role_menu` VALUES (83, 209);
INSERT INTO `t_role_menu` VALUES (83, 212);
INSERT INTO `t_role_menu` VALUES (83, 213);
INSERT INTO `t_role_menu` VALUES (83, 220);
INSERT INTO `t_role_menu` VALUES (83, 206);
INSERT INTO `t_role_menu` VALUES (83, 226);
INSERT INTO `t_role_menu` VALUES (83, 204);
INSERT INTO `t_role_menu` VALUES (83, 210);
INSERT INTO `t_role_menu` VALUES (83, 211);
INSERT INTO `t_role_menu` VALUES (83, 225);
INSERT INTO `t_role_menu` VALUES (83, 224);
INSERT INTO `t_role_menu` VALUES (83, 215);
INSERT INTO `t_role_menu` VALUES (83, 221);
INSERT INTO `t_role_menu` VALUES (83, 222);
INSERT INTO `t_role_menu` VALUES (83, 223);

-- ----------------------------
-- Table structure for t_test
-- ----------------------------
DROP TABLE IF EXISTS `t_test`;
CREATE TABLE `t_test`  (
  `ID` bigint(0) NOT NULL AUTO_INCREMENT,
  `FIELD1` varchar(20) CHARACTER SET utf8mb4 COLLATE utf8mb4_general_ci NOT NULL,
  `FIELD2` int(0) NOT NULL,
  `FIELD3` varchar(100) CHARACTER SET utf8mb4 COLLATE utf8mb4_general_ci NOT NULL,
  `CREATE_TIME` datetime(0) NOT NULL,
  PRIMARY KEY (`ID`) USING BTREE
) ENGINE = InnoDB AUTO_INCREMENT = 55 CHARACTER SET = utf8mb4 COLLATE = utf8mb4_general_ci ROW_FORMAT = Dynamic;

-- ----------------------------
-- Records of t_test
-- ----------------------------
INSERT INTO `t_test` VALUES (1, '字段1', 1, 'mrbird@gmail.com', '2019-01-22 16:26:51');
INSERT INTO `t_test` VALUES (2, '字段1', 1, 'mrbird0@gmail.com', '2019-01-23 03:01:03');
INSERT INTO `t_test` VALUES (3, '字段1', 2, 'mrbird1@gmail.com', '2019-01-23 03:01:03');
INSERT INTO `t_test` VALUES (4, '字段1', 3, 'mrbird2@gmail.com', '2019-01-23 03:01:03');
INSERT INTO `t_test` VALUES (5, '字段1', 4, 'mrbird3@gmail.com', '2019-01-23 03:01:03');
INSERT INTO `t_test` VALUES (6, '字段1', 5, 'mrbird4@gmail.com', '2019-01-23 03:01:03');
INSERT INTO `t_test` VALUES (7, '字段1', 10, 'mrbird9@gmail.com', '2019-01-23 03:01:03');
INSERT INTO `t_test` VALUES (8, '字段1', 1, 'mrbird0@gmail.com', '2019-01-23 03:03:49');
INSERT INTO `t_test` VALUES (9, '字段1', 2, 'mrbird1@gmail.com', '2019-01-23 03:03:49');
INSERT INTO `t_test` VALUES (10, '字段1', 3, 'mrbird2@gmail.com', '2019-01-23 03:03:49');
INSERT INTO `t_test` VALUES (11, '字段1', 4, 'mrbird3@gmail.com', '2019-01-23 03:03:49');
INSERT INTO `t_test` VALUES (12, '字段1', 5, 'mrbird4@gmail.com', '2019-01-23 03:03:49');
INSERT INTO `t_test` VALUES (13, '字段1', 10, 'mrbird9@gmail.com', '2019-01-23 03:03:49');
INSERT INTO `t_test` VALUES (14, '字段1', 1, 'mrbird0@gmail.com', '2019-01-23 03:07:47');
INSERT INTO `t_test` VALUES (15, '字段1', 2, 'mrbird1@gmail.com', '2019-01-23 03:07:47');
INSERT INTO `t_test` VALUES (16, '字段1', 3, 'mrbird2@gmail.com', '2019-01-23 03:07:47');
INSERT INTO `t_test` VALUES (17, '字段1', 4, 'mrbird3@gmail.com', '2019-01-23 03:07:47');
INSERT INTO `t_test` VALUES (18, '字段1', 5, 'mrbird4@gmail.com', '2019-01-23 03:07:47');
INSERT INTO `t_test` VALUES (19, '字段1', 6, 'mrbird5@gmail.com', '2019-01-23 03:07:47');
INSERT INTO `t_test` VALUES (20, '字段1', 1, 'mrbird0@gmail.com', '2019-01-23 03:08:09');
INSERT INTO `t_test` VALUES (21, '字段1', 2, 'mrbird1@gmail.com', '2019-01-23 03:08:09');
INSERT INTO `t_test` VALUES (22, '字段1', 3, 'mrbird2@gmail.com', '2019-01-23 03:08:09');
INSERT INTO `t_test` VALUES (23, '字段1', 4, 'mrbird3@gmail.com', '2019-01-23 03:08:09');
INSERT INTO `t_test` VALUES (24, '字段1', 5, 'mrbird4@gmail.com', '2019-01-23 03:08:09');
INSERT INTO `t_test` VALUES (25, '字段1', 10, 'mrbird9@gmail.com', '2019-01-23 03:08:09');
INSERT INTO `t_test` VALUES (26, '字段1', 1, 'mrbird0@gmail.com', '2019-01-23 03:19:52');
INSERT INTO `t_test` VALUES (27, '字段1', 2, 'mrbird1@gmail.com', '2019-01-23 03:19:52');
INSERT INTO `t_test` VALUES (28, '字段1', 3, 'mrbird2@gmail.com', '2019-01-23 03:19:52');
INSERT INTO `t_test` VALUES (29, '字段1', 4, 'mrbird3@gmail.com', '2019-01-23 03:19:52');
INSERT INTO `t_test` VALUES (30, '字段1', 5, 'mrbird4@gmail.com', '2019-01-23 03:19:52');
INSERT INTO `t_test` VALUES (31, '字段1', 6, 'mrbird5@gmail.com', '2019-01-23 03:19:52');
INSERT INTO `t_test` VALUES (32, '字段1', 1, 'mrbird0@gmail.com', '2019-01-23 03:20:56');
INSERT INTO `t_test` VALUES (33, '字段1', 2, 'mrbird1@gmail.com', '2019-01-23 03:20:56');
INSERT INTO `t_test` VALUES (34, '字段1', 3, 'mrbird2@gmail.com', '2019-01-23 03:20:56');
INSERT INTO `t_test` VALUES (35, '字段1', 4, 'mrbird3@gmail.com', '2019-01-23 03:20:56');
INSERT INTO `t_test` VALUES (36, '字段1', 5, 'mrbird4@gmail.com', '2019-01-23 03:20:56');
INSERT INTO `t_test` VALUES (37, '字段1', 6, 'mrbird5@gmail.com', '2019-01-23 03:20:56');
INSERT INTO `t_test` VALUES (38, '字段1', 1, 'mrbird0@gmail.com', '2019-01-23 06:12:38');
INSERT INTO `t_test` VALUES (39, '字段1', 2, 'mrbird1@gmail.com', '2019-01-23 06:12:38');
INSERT INTO `t_test` VALUES (40, '字段1', 3, 'mrbird2@gmail.com', '2019-01-23 06:12:38');
INSERT INTO `t_test` VALUES (41, '字段1', 4, 'mrbird3@gmail.com', '2019-01-23 06:12:38');
INSERT INTO `t_test` VALUES (42, '字段1', 5, 'mrbird4@gmail.com', '2019-01-23 06:12:38');
INSERT INTO `t_test` VALUES (43, '字段1', 6, 'mrbird5@gmail.com', '2019-01-23 06:12:38');
INSERT INTO `t_test` VALUES (44, '字段1', 7, 'mrbird6@gmail.com', '2019-01-23 06:12:38');
INSERT INTO `t_test` VALUES (45, '字段1', 8, 'mrbird7@gmail.com', '2019-01-23 06:12:38');
INSERT INTO `t_test` VALUES (46, '字段1', 9, 'mrbird8@gmail.com', '2019-01-23 06:12:38');
INSERT INTO `t_test` VALUES (47, '字段1', 11, 'mrbird10@gmail.com', '2019-01-23 06:12:38');
INSERT INTO `t_test` VALUES (48, '字段1', 12, 'mrbird11@gmail.com', '2019-01-23 06:12:38');
INSERT INTO `t_test` VALUES (49, '字段1', 14, 'mrbird13@gmail.com', '2019-01-23 06:12:38');
INSERT INTO `t_test` VALUES (50, '字段1', 15, 'mrbird14@gmail.com', '2019-01-23 06:12:38');
INSERT INTO `t_test` VALUES (51, '字段1', 16, 'mrbird15@gmail.com', '2019-01-23 06:12:38');
INSERT INTO `t_test` VALUES (52, '字段1', 18, 'mrbird17@gmail.com', '2019-01-23 06:12:38');
INSERT INTO `t_test` VALUES (53, '字段1', 19, 'mrbird18@gmail.com', '2019-01-23 06:12:38');
INSERT INTO `t_test` VALUES (54, '字段1', 20, 'mrbird19@gmail.com', '2019-01-23 06:12:38');

-- ----------------------------
-- Table structure for t_user
-- ----------------------------
DROP TABLE IF EXISTS `t_user`;
CREATE TABLE `t_user`  (
  `USER_ID` bigint(0) NOT NULL AUTO_INCREMENT COMMENT '用户ID',
  `USERNAME` varchar(50) CHARACTER SET utf8mb4 COLLATE utf8mb4_general_ci NOT NULL COMMENT '用户名',
  `PASSWORD` varchar(128) CHARACTER SET utf8mb4 COLLATE utf8mb4_general_ci NOT NULL COMMENT '密码',
  `DEPT_ID` bigint(0) NULL DEFAULT NULL COMMENT '部门ID',
  `EMAIL` varchar(128) CHARACTER SET utf8mb4 COLLATE utf8mb4_general_ci NULL DEFAULT NULL COMMENT '邮箱',
  `MOBILE` varchar(20) CHARACTER SET utf8mb4 COLLATE utf8mb4_general_ci NULL DEFAULT NULL COMMENT '联系电话',
  `STATUS` char(1) CHARACTER SET utf8mb4 COLLATE utf8mb4_general_ci NOT NULL DEFAULT '1' COMMENT '状态 0无效 1有效',
  `CREATE_TIME` datetime(0) NOT NULL COMMENT '创建时间',
  `MODIFY_TIME` datetime(0) NULL DEFAULT NULL COMMENT '修改时间',
  `LAST_LOGIN_TIME` datetime(0) NULL DEFAULT NULL COMMENT '最近访问时间',
  `SSEX` char(1) CHARACTER SET utf8mb4 COLLATE utf8mb4_general_ci NULL DEFAULT NULL COMMENT '性别 0男 1女 2保密',
  `DESCRIPTION` varchar(100) CHARACTER SET utf8mb4 COLLATE utf8mb4_general_ci NULL DEFAULT NULL COMMENT '描述',
  `AVATAR` varchar(100) CHARACTER SET utf8mb4 COLLATE utf8mb4_general_ci NULL DEFAULT NULL COMMENT '用户头像',
  `CREATE_USERNAME` varchar(100) CHARACTER SET utf8mb4 COLLATE utf8mb4_general_ci NULL DEFAULT NULL,
  `CREATE_USER_ID` bigint(0) NULL DEFAULT NULL,
  `MODIFY_USERNAME` varchar(100) CHARACTER SET utf8mb4 COLLATE utf8mb4_general_ci NULL DEFAULT NULL,
  `MODIFY_USER_ID` bigint(0) NULL DEFAULT NULL,
  PRIMARY KEY (`USER_ID`) USING BTREE,
  INDEX `USERNAME`(`USERNAME`) USING BTREE
) ENGINE = InnoDB AUTO_INCREMENT = 95 CHARACTER SET = utf8mb4 COLLATE = utf8mb4_general_ci ROW_FORMAT = Dynamic;

-- ----------------------------
-- Records of t_user
-- ----------------------------
INSERT INTO `t_user` VALUES (35, 'admin', '3ee4a28b103216fa2d140d1979297910', 1, 'admin@admin.com', '18246544545', '1', '2019-12-23 11:12:13', '2021-01-03 20:10:13', '2021-01-04 14:03:09', '1', NULL, 'default.jpg', 'mrbird', 1, NULL, NULL);
INSERT INTO `t_user` VALUES (62, 'stu_test1', '05fe89f2b67a4609011ec7fb824c19e9', NULL, '709046532@qq.com', '18392655686', '1', '2021-01-03 19:14:17', NULL, '2021-01-04 14:56:48', '9', NULL, 'default.jpg', NULL, NULL, NULL, NULL);
INSERT INTO `t_user` VALUES (63, 'stu_test2', 'fdb9f4aa0e3cce51a33f460ee3674479', NULL, '709046532@qq.com', '18392655686', '1', '2021-01-03 19:14:24', NULL, '2021-01-04 11:04:09', '9', NULL, 'default.jpg', NULL, NULL, NULL, NULL);
INSERT INTO `t_user` VALUES (64, 'stu_test3', '2f52f73a6d57630b91a34a6682da07cf', NULL, '709046532@qq.com', '18392655686', '1', '2021-01-03 19:14:27', NULL, '2021-01-04 14:12:28', '9', NULL, 'default.jpg', NULL, NULL, NULL, NULL);
INSERT INTO `t_user` VALUES (65, 'stu_test4', '2213e83d3278d47c370d9d551e9096c3', NULL, '709046532@qq.com', '18392655686', '1', '2021-01-03 19:14:32', NULL, NULL, '9', NULL, 'default.jpg', NULL, NULL, NULL, NULL);
INSERT INTO `t_user` VALUES (66, 'stu_test5', '7ba8f36348d5c37f5cbcbda0374549db', NULL, '709046532@qq.com', '18392655686', '1', '2021-01-03 19:14:35', NULL, NULL, '9', NULL, 'default.jpg', NULL, NULL, NULL, NULL);
INSERT INTO `t_user` VALUES (67, 'stu_test6', 'c062d3a761890626184d6255fd52ffb4', NULL, '709046532@qq.com', '18392655686', '1', '2021-01-03 19:14:38', NULL, '2021-01-04 14:01:22', '9', NULL, 'default.jpg', NULL, NULL, NULL, NULL);
INSERT INTO `t_user` VALUES (68, 'stu_test7', '23f9a751a7d7882a8bd84963eb03437d', NULL, '709046532@qq.com', '18392655686', '1', '2021-01-03 19:14:40', NULL, NULL, '9', NULL, 'default.jpg', NULL, NULL, NULL, NULL);
INSERT INTO `t_user` VALUES (69, 'stu_test8', '5d32676ede4ed60c6219cac40bfde9e0', NULL, '709046532@qq.com', '18392655686', '1', '2021-01-03 19:14:43', NULL, NULL, '9', NULL, 'default.jpg', NULL, NULL, NULL, NULL);
INSERT INTO `t_user` VALUES (70, 'stu_test9', 'e3045e1b048f319f264778c5ba85317b', NULL, '709046532@qq.com', '18392655686', '1', '2021-01-03 19:14:45', NULL, NULL, '9', NULL, 'default.jpg', NULL, NULL, NULL, NULL);
INSERT INTO `t_user` VALUES (71, 'stu_test10', 'a441c23d42ee6561db21c60aaab89211', NULL, '709046532@qq.com', '18392655686', '1', '2021-01-03 19:14:48', NULL, NULL, '9', NULL, 'default.jpg', NULL, NULL, NULL, NULL);
INSERT INTO `t_user` VALUES (73, 'stu_test11', '60b0a564c86cd46d2075766daef4feb1', NULL, '709046532@qq.com', '18392655686', '1', '2021-01-03 19:15:09', NULL, NULL, '9', NULL, 'default.jpg', NULL, NULL, NULL, NULL);
INSERT INTO `t_user` VALUES (74, 'stu_test12', '8b0e31f4bf78074c177e5066cbb27766', NULL, '709046532@qq.com', '18392655686', '1', '2021-01-03 19:15:12', NULL, NULL, '9', NULL, 'default.jpg', NULL, NULL, NULL, NULL);
INSERT INTO `t_user` VALUES (75, 'stu_test13', '7f6e614ec2eed3f2d124efecd1c72984', NULL, '709046532@qq.com', '18392655686', '1', '2021-01-03 19:15:14', NULL, NULL, '9', NULL, 'default.jpg', NULL, NULL, NULL, NULL);
INSERT INTO `t_user` VALUES (76, 'stu_test14', 'd9bf089be5ddbefd6dd24ca966884170', NULL, '709046532@qq.com', '18392655686', '1', '2021-01-03 19:15:17', NULL, NULL, '9', NULL, 'default.jpg', NULL, NULL, NULL, NULL);
INSERT INTO `t_user` VALUES (77, 'stu_test15', 'f6ee76b283b191c07b4167fe44ffc021', NULL, '709046532@qq.com', '18392655686', '1', '2021-01-03 19:15:19', NULL, NULL, '9', NULL, 'default.jpg', NULL, NULL, NULL, NULL);
INSERT INTO `t_user` VALUES (78, 'stu_test16', 'd21302191e805ca607c930ee3c0db4b0', NULL, '709046532@qq.com', '18392655686', '1', '2021-01-03 19:15:22', NULL, NULL, '9', NULL, 'default.jpg', NULL, NULL, NULL, NULL);
INSERT INTO `t_user` VALUES (79, 'stu_test17', '113abd04dd0222f0e48348a3d92094e4', NULL, '709046532@qq.com', '18392655686', '1', '2021-01-03 19:15:24', NULL, NULL, '9', NULL, 'default.jpg', NULL, NULL, NULL, NULL);
INSERT INTO `t_user` VALUES (80, 'stu_test18', 'f6f6af9a26b0a3574d9d8d743b1bb089', NULL, '709046532@qq.com', '18392655686', '1', '2021-01-03 19:15:27', NULL, NULL, '9', NULL, 'default.jpg', NULL, NULL, NULL, NULL);
INSERT INTO `t_user` VALUES (81, 'stu_test19', '227f352bcf0533e93ae028bde9891961', NULL, '709046532@qq.com', '18392655686', '1', '2021-01-03 19:15:33', NULL, NULL, '9', NULL, 'default.jpg', NULL, NULL, NULL, NULL);
INSERT INTO `t_user` VALUES (82, 'stu_test20', '749fee9387c26841b680049a45d4f443', NULL, '709046532@qq.com', '18392655686', '1', '2021-01-03 19:15:36', NULL, NULL, '9', NULL, 'default.jpg', NULL, NULL, NULL, NULL);
INSERT INTO `t_user` VALUES (83, 'stu_test21', '001bdd7b0f1fceb2d037675cebd6b252', NULL, '709046532@qq.com', '18392655686', '1', '2021-01-03 19:15:53', NULL, NULL, '9', NULL, 'default.jpg', NULL, NULL, NULL, NULL);
INSERT INTO `t_user` VALUES (84, 'stu_test22', 'b569e1f0f74f210daa5625a1deee9cac', NULL, '709046532@qq.com', '18392655686', '1', '2021-01-03 19:15:58', NULL, NULL, '9', NULL, 'default.jpg', NULL, NULL, NULL, NULL);
INSERT INTO `t_user` VALUES (85, 'stu_test23', 'daeef2563e88a4ef92de1095325959ce', NULL, '709046532@qq.com', '18392655686', '1', '2021-01-03 19:16:01', NULL, NULL, '9', NULL, 'default.jpg', NULL, NULL, NULL, NULL);
INSERT INTO `t_user` VALUES (86, 'stu_test24', '832c29b31756c9ea9a383fe64e6ce731', NULL, '709046532@qq.com', '18392655686', '1', '2021-01-03 19:16:03', NULL, NULL, '9', NULL, 'default.jpg', NULL, NULL, NULL, NULL);
INSERT INTO `t_user` VALUES (87, 'stu_test25', '9874fb3878339dc98e23b535a853d52d', NULL, '709046532@qq.com', '18392655686', '1', '2021-01-03 19:16:06', NULL, NULL, '9', NULL, 'default.jpg', NULL, NULL, NULL, NULL);
INSERT INTO `t_user` VALUES (88, 'manager_1', 'cec5f4c17e06f2ce97876f74b6e9cf17', NULL, '709046532@qq.com', '18392655686', '1', '2021-01-03 19:17:56', NULL, '2021-01-04 11:41:07', '9', NULL, 'default.jpg', NULL, NULL, NULL, NULL);
INSERT INTO `t_user` VALUES (89, 'manager_2', 'f7313f86321904f735150d6990ca84dc', NULL, '709046532@qq.com', '18392655686', '1', '2021-01-03 19:18:00', NULL, NULL, '9', NULL, 'default.jpg', NULL, NULL, NULL, NULL);
INSERT INTO `t_user` VALUES (90, 'manager_3', 'ed67062b0db922cbd1786eea2e6948ce', NULL, '709046532@qq.com', '18392655686', '1', '2021-01-03 19:18:04', NULL, NULL, '9', NULL, 'default.jpg', NULL, NULL, NULL, NULL);
INSERT INTO `t_user` VALUES (91, 'manager_4', '067c2f5f340a7b5296c6b039186e6702', NULL, '709046532@qq.com', '18392655686', '1', '2021-01-03 19:18:07', NULL, NULL, '9', NULL, 'default.jpg', NULL, NULL, NULL, NULL);
INSERT INTO `t_user` VALUES (92, 'manager_5', 'c1d2a181b33ef3e655cc44aa8f09c898', NULL, '709046532@qq.com', '18392655686', '1', '2021-01-03 19:18:10', NULL, NULL, '9', NULL, 'default.jpg', NULL, NULL, NULL, NULL);
INSERT INTO `t_user` VALUES (93, 'teacher_1', '2050d7c8b315803d0501130f7fc6c498', NULL, '709046532@qq.com', '18392655686', '1', '2021-01-03 19:18:43', NULL, '2021-01-04 14:55:41', '9', NULL, 'default.jpg', NULL, NULL, NULL, NULL);

-- ----------------------------
-- Table structure for t_user_config
-- ----------------------------
DROP TABLE IF EXISTS `t_user_config`;
CREATE TABLE `t_user_config`  (
  `USER_ID` bigint(0) NOT NULL COMMENT '用户ID',
  `THEME` varchar(10) CHARACTER SET utf8mb4 COLLATE utf8mb4_general_ci NULL DEFAULT NULL COMMENT '系统主题 dark暗色风格，light明亮风格',
  `LAYOUT` varchar(10) CHARACTER SET utf8mb4 COLLATE utf8mb4_general_ci NULL DEFAULT NULL COMMENT '系统布局 side侧边栏，head顶部栏',
  `MULTI_PAGE` char(1) CHARACTER SET utf8mb4 COLLATE utf8mb4_general_ci NULL DEFAULT NULL COMMENT '页面风格 1多标签页 0单页',
  `FIX_SIDERBAR` char(1) CHARACTER SET utf8mb4 COLLATE utf8mb4_general_ci NULL DEFAULT NULL COMMENT '页面滚动是否固定侧边栏 1固定 0不固定',
  `FIX_HEADER` char(1) CHARACTER SET utf8mb4 COLLATE utf8mb4_general_ci NULL DEFAULT NULL COMMENT '页面滚动是否固定顶栏 1固定 0不固定',
  `COLOR` varchar(20) CHARACTER SET utf8mb4 COLLATE utf8mb4_general_ci NULL DEFAULT NULL COMMENT '主题颜色 RGB值',
  PRIMARY KEY (`USER_ID`) USING BTREE
) ENGINE = InnoDB CHARACTER SET = utf8mb4 COLLATE = utf8mb4_general_ci ROW_FORMAT = Dynamic;

-- ----------------------------
-- Records of t_user_config
-- ----------------------------
INSERT INTO `t_user_config` VALUES (1, 'dark', 'side', '0', '1', '1', 'rgb(24, 144, 255)');
INSERT INTO `t_user_config` VALUES (2, 'light', 'head', '0', '1', '1', 'rgb(24, 144, 255)');
INSERT INTO `t_user_config` VALUES (35, 'dark', 'side', '0', '1', '1', 'rgb(82, 196, 26)');
INSERT INTO `t_user_config` VALUES (36, 'dark', 'side', '0', '1', '1', 'rgb(66, 185, 131)');
INSERT INTO `t_user_config` VALUES (37, 'dark', 'side', '0', '1', '1', 'rgb(66, 185, 131)');
INSERT INTO `t_user_config` VALUES (41, 'dark', 'side', '0', '1', '1', 'rgb(66, 185, 131)');
INSERT INTO `t_user_config` VALUES (42, 'dark', 'side', '0', '1', '1', 'rgb(66, 185, 131)');
INSERT INTO `t_user_config` VALUES (43, 'dark', 'side', '0', '1', '1', 'rgb(66, 185, 131)');
INSERT INTO `t_user_config` VALUES (44, 'dark', 'side', '0', '1', '1', 'rgb(66, 185, 131)');
INSERT INTO `t_user_config` VALUES (45, 'dark', 'side', '0', '1', '1', 'rgb(66, 185, 131)');
INSERT INTO `t_user_config` VALUES (46, 'dark', 'side', '0', '1', '1', 'rgb(66, 185, 131)');
INSERT INTO `t_user_config` VALUES (47, 'dark', 'side', '0', '1', '1', 'rgb(66, 185, 131)');
INSERT INTO `t_user_config` VALUES (48, 'dark', 'side', '0', '1', '1', 'rgb(66, 185, 131)');
INSERT INTO `t_user_config` VALUES (49, 'dark', 'side', '0', '1', '1', 'rgb(66, 185, 131)');
INSERT INTO `t_user_config` VALUES (50, 'dark', 'side', '0', '1', '1', 'rgb(66, 185, 131)');
INSERT INTO `t_user_config` VALUES (51, 'dark', 'side', '0', '1', '1', 'rgb(66, 185, 131)');
INSERT INTO `t_user_config` VALUES (52, 'dark', 'side', '0', '1', '1', 'rgb(66, 185, 131)');
INSERT INTO `t_user_config` VALUES (53, 'dark', 'side', '0', '1', '1', 'rgb(66, 185, 131)');
INSERT INTO `t_user_config` VALUES (54, 'dark', 'side', '0', '1', '1', 'rgb(66, 185, 131)');
INSERT INTO `t_user_config` VALUES (55, 'dark', 'side', '0', '1', '1', 'rgb(66, 185, 131)');
INSERT INTO `t_user_config` VALUES (56, 'dark', 'side', '0', '1', '1', 'rgb(66, 185, 131)');
INSERT INTO `t_user_config` VALUES (57, 'dark', 'side', '0', '1', '1', 'rgb(66, 185, 131)');
INSERT INTO `t_user_config` VALUES (58, 'dark', 'side', '0', '1', '1', 'rgb(66, 185, 131)');
INSERT INTO `t_user_config` VALUES (59, 'dark', 'side', '0', '1', '1', 'rgb(66, 185, 131)');
INSERT INTO `t_user_config` VALUES (60, 'dark', 'side', '0', '1', '1', 'rgb(66, 185, 131)');
INSERT INTO `t_user_config` VALUES (61, 'dark', 'side', '0', '1', '1', 'rgb(66, 185, 131)');
INSERT INTO `t_user_config` VALUES (62, 'dark', 'side', '0', '1', '1', 'rgb(66, 185, 131)');
INSERT INTO `t_user_config` VALUES (63, 'dark', 'side', '0', '1', '1', 'rgb(66, 185, 131)');
INSERT INTO `t_user_config` VALUES (64, 'dark', 'side', '0', '1', '1', 'rgb(66, 185, 131)');
INSERT INTO `t_user_config` VALUES (65, 'dark', 'side', '0', '1', '1', 'rgb(66, 185, 131)');
INSERT INTO `t_user_config` VALUES (66, 'dark', 'side', '0', '1', '1', 'rgb(66, 185, 131)');
INSERT INTO `t_user_config` VALUES (67, 'dark', 'side', '0', '1', '1', 'rgb(66, 185, 131)');
INSERT INTO `t_user_config` VALUES (68, 'dark', 'side', '0', '1', '1', 'rgb(66, 185, 131)');
INSERT INTO `t_user_config` VALUES (69, 'dark', 'side', '0', '1', '1', 'rgb(66, 185, 131)');
INSERT INTO `t_user_config` VALUES (70, 'dark', 'side', '0', '1', '1', 'rgb(66, 185, 131)');
INSERT INTO `t_user_config` VALUES (71, 'dark', 'side', '0', '1', '1', 'rgb(66, 185, 131)');
INSERT INTO `t_user_config` VALUES (72, 'dark', 'side', '0', '1', '1', 'rgb(66, 185, 131)');
INSERT INTO `t_user_config` VALUES (73, 'dark', 'side', '0', '1', '1', 'rgb(66, 185, 131)');
INSERT INTO `t_user_config` VALUES (74, 'dark', 'side', '0', '1', '1', 'rgb(66, 185, 131)');
INSERT INTO `t_user_config` VALUES (75, 'dark', 'side', '0', '1', '1', 'rgb(66, 185, 131)');
INSERT INTO `t_user_config` VALUES (76, 'dark', 'side', '0', '1', '1', 'rgb(66, 185, 131)');
INSERT INTO `t_user_config` VALUES (77, 'dark', 'side', '0', '1', '1', 'rgb(66, 185, 131)');
INSERT INTO `t_user_config` VALUES (78, 'dark', 'side', '0', '1', '1', 'rgb(66, 185, 131)');
INSERT INTO `t_user_config` VALUES (79, 'dark', 'side', '0', '1', '1', 'rgb(66, 185, 131)');
INSERT INTO `t_user_config` VALUES (80, 'dark', 'side', '0', '1', '1', 'rgb(66, 185, 131)');
INSERT INTO `t_user_config` VALUES (81, 'dark', 'side', '0', '1', '1', 'rgb(66, 185, 131)');
INSERT INTO `t_user_config` VALUES (82, 'dark', 'side', '0', '1', '1', 'rgb(66, 185, 131)');
INSERT INTO `t_user_config` VALUES (83, 'dark', 'side', '0', '1', '1', 'rgb(66, 185, 131)');
INSERT INTO `t_user_config` VALUES (84, 'dark', 'side', '0', '1', '1', 'rgb(66, 185, 131)');
INSERT INTO `t_user_config` VALUES (85, 'dark', 'side', '0', '1', '1', 'rgb(66, 185, 131)');
INSERT INTO `t_user_config` VALUES (86, 'dark', 'side', '0', '1', '1', 'rgb(66, 185, 131)');
INSERT INTO `t_user_config` VALUES (87, 'dark', 'side', '0', '1', '1', 'rgb(66, 185, 131)');
INSERT INTO `t_user_config` VALUES (88, 'dark', 'side', '0', '1', '1', 'rgb(66, 185, 131)');
INSERT INTO `t_user_config` VALUES (89, 'dark', 'side', '0', '1', '1', 'rgb(66, 185, 131)');
INSERT INTO `t_user_config` VALUES (90, 'dark', 'side', '0', '1', '1', 'rgb(66, 185, 131)');
INSERT INTO `t_user_config` VALUES (91, 'dark', 'side', '0', '1', '1', 'rgb(66, 185, 131)');
INSERT INTO `t_user_config` VALUES (92, 'dark', 'side', '0', '1', '1', 'rgb(66, 185, 131)');
INSERT INTO `t_user_config` VALUES (93, 'dark', 'side', '0', '1', '1', 'rgb(66, 185, 131)');
INSERT INTO `t_user_config` VALUES (94, 'dark', 'side', '0', '1', '1', 'rgb(66, 185, 131)');

-- ----------------------------
-- Table structure for t_user_info
-- ----------------------------
DROP TABLE IF EXISTS `t_user_info`;
CREATE TABLE `t_user_info`  (
  `username` varchar(50) CHARACTER SET utf8mb4 COLLATE utf8mb4_general_ci NULL DEFAULT NULL,
  `sid` varchar(255) CHARACTER SET utf8mb4 COLLATE utf8mb4_general_ci NULL DEFAULT NULL,
  `name` varchar(255) CHARACTER SET utf8mb4 COLLATE utf8mb4_general_ci NULL DEFAULT NULL,
  `classs` varchar(255) CHARACTER SET utf8mb4 COLLATE utf8mb4_general_ci NULL DEFAULT NULL,
  INDEX `t_user_info_ibfk_1`(`username`) USING BTREE
) ENGINE = InnoDB CHARACTER SET = utf8mb4 COLLATE = utf8mb4_general_ci ROW_FORMAT = Dynamic;

-- ----------------------------
-- Records of t_user_info
-- ----------------------------
INSERT INTO `t_user_info` VALUES ('stu_test1', '2184612223', '李腾羽', '软件81');
INSERT INTO `t_user_info` VALUES ('stu_test2', '2184612224', '隆勇煌', '软件81');
INSERT INTO `t_user_info` VALUES ('stu_test3', '2184612225', '张澎轩', '软件82');
INSERT INTO `t_user_info` VALUES ('stu_test4', '2184612226', '何语灵', '软件82');
INSERT INTO `t_user_info` VALUES ('stu_test5', '2184612227', '黄涧如', '软件83');
INSERT INTO `t_user_info` VALUES ('stu_test6', '2184612228', '胡荣魁', '软件83');
INSERT INTO `t_user_info` VALUES ('stu_test7', '2184612229', '刘翠花', '软件84');
INSERT INTO `t_user_info` VALUES ('stu_test8', '2184612230', '朱林生', '软件84');
INSERT INTO `t_user_info` VALUES ('stu_test9', '2184612231', '小沈阳', '软件81');
INSERT INTO `t_user_info` VALUES ('stu_test10', '2184612232', '老北京', '软件82');
INSERT INTO `t_user_info` VALUES ('stu_test11', '2184612233', '牛栏山', '软件83');
INSERT INTO `t_user_info` VALUES ('stu_test12', '2184612234', '老白干', '软件84');
INSERT INTO `t_user_info` VALUES ('stu_test13', '2184612235', '沃兹基硕德', '软件84');
INSERT INTO `t_user_info` VALUES ('stu_test14', '2184612236', '彭小厚', '软件83');
INSERT INTO `t_user_info` VALUES ('stu_test15', '2184612237', '李华', '软件82');
INSERT INTO `t_user_info` VALUES ('stu_test16', '2184612238', '张丽', '软件81');
INSERT INTO `t_user_info` VALUES ('stu_test17', '2184612239', '柬伍鹏', '软件82');
INSERT INTO `t_user_info` VALUES ('stu_test18', '2184612240', '李琴', '软件83');
INSERT INTO `t_user_info` VALUES ('stu_test19', '2184612241', '朱零蛋', '软件84');
INSERT INTO `t_user_info` VALUES ('stu_test20', '2184612242', '饶方', '软件83');
INSERT INTO `t_user_info` VALUES ('stu_test21', '2184612243', '晋心成', '软件84');
INSERT INTO `t_user_info` VALUES ('stu_test22', '2184612244', '梁非凡', '软件82');
INSERT INTO `t_user_info` VALUES ('stu_test23', '2184612245', '吴中智', '软件81');
INSERT INTO `t_user_info` VALUES ('stu_test24', '2184612246', '杜若愚', '软件83');
INSERT INTO `t_user_info` VALUES ('stu_test25', '2184612247', '张飞飞', '软件84');
INSERT INTO `t_user_info` VALUES ('manager_1', '2184612248', '刘备', '软件81');
INSERT INTO `t_user_info` VALUES ('manager_2', '2184612249', '关羽儿', '软件82');
INSERT INTO `t_user_info` VALUES ('manager_3', '2184612250', ' 夏雨', '软件83');
INSERT INTO `t_user_info` VALUES ('manager_4', '2184612251', '夏雪', '软件84');
INSERT INTO `t_user_info` VALUES ('manager_5', '2184612252', '夏冰雹', '软件81');

-- ----------------------------
-- Table structure for t_user_info_copy1
-- ----------------------------
DROP TABLE IF EXISTS `t_user_info_copy1`;
CREATE TABLE `t_user_info_copy1`  (
  `username` varchar(50) CHARACTER SET utf8mb4 COLLATE utf8mb4_general_ci NULL DEFAULT NULL,
  `sid` varchar(255) CHARACTER SET utf8mb4 COLLATE utf8mb4_general_ci NULL DEFAULT NULL,
  `name` varchar(255) CHARACTER SET utf8mb4 COLLATE utf8mb4_general_ci NULL DEFAULT NULL,
  `classs` varchar(255) CHARACTER SET utf8mb4 COLLATE utf8mb4_general_ci NULL DEFAULT NULL,
  INDEX `t_user_info_ibfk_1`(`username`) USING BTREE
) ENGINE = InnoDB CHARACTER SET = utf8mb4 COLLATE = utf8mb4_general_ci ROW_FORMAT = Dynamic;

-- ----------------------------
-- Records of t_user_info_copy1
-- ----------------------------
INSERT INTO `t_user_info_copy1` VALUES ('test3', '2184612223', '朱二旦', '软件81');
INSERT INTO `t_user_info_copy1` VALUES ('test4', '2184612224', '朱三旦', '软件81');
INSERT INTO `t_user_info_copy1` VALUES ('test5', '2184612225', '朱四旦', '软件82');
INSERT INTO `t_user_info_copy1` VALUES ('test6', '2184612226', '朱五旦', '软件82');
INSERT INTO `t_user_info_copy1` VALUES ('test7', '2184612227', '朱六旦', '软件83');
INSERT INTO `t_user_info_copy1` VALUES ('test8', '2184612228', '朱七旦', '软件83');
INSERT INTO `t_user_info_copy1` VALUES ('test9', '2184612229', '朱八旦', '软件84');
INSERT INTO `t_user_info_copy1` VALUES ('test10', '2184612230', '朱九旦', '软件84');
INSERT INTO `t_user_info_copy1` VALUES ('test11', '2184612231', '朱十旦', '软件81');
INSERT INTO `t_user_info_copy1` VALUES ('test12', '2184612232', '朱十一旦', '软件82');
INSERT INTO `t_user_info_copy1` VALUES ('test13', '2184612233', '朱十二旦', '软件83');
INSERT INTO `t_user_info_copy1` VALUES ('test14', '2184612234', '朱十三旦', '软件84');
INSERT INTO `t_user_info_copy1` VALUES ('test15', '2184612235', '朱十四旦', '软件84');
INSERT INTO `t_user_info_copy1` VALUES ('test16', '2184612236', '朱十五旦', '软件83');
INSERT INTO `t_user_info_copy1` VALUES ('test17', '2184612237', '朱十六旦', '软件82');
INSERT INTO `t_user_info_copy1` VALUES ('test18', '2184612238', '朱十七旦', '软件81');
INSERT INTO `t_user_info_copy1` VALUES ('test19', '2184612239', '朱十八旦', '软件82');
INSERT INTO `t_user_info_copy1` VALUES ('test20', '2184612240', '朱十九旦', '软件83');
INSERT INTO `t_user_info_copy1` VALUES ('admin', '2100000000', '爸爸', '软件84');

-- ----------------------------
-- Table structure for t_user_role
-- ----------------------------
DROP TABLE IF EXISTS `t_user_role`;
CREATE TABLE `t_user_role`  (
  `USER_ID` bigint(0) NOT NULL COMMENT '用户ID',
  `ROLE_ID` bigint(0) NOT NULL COMMENT '角色ID',
  INDEX `USER_ID`(`USER_ID`) USING BTREE,
  INDEX `ROLE_ID`(`ROLE_ID`) USING BTREE
) ENGINE = InnoDB CHARACTER SET = utf8mb4 COLLATE = utf8mb4_general_ci ROW_FORMAT = Dynamic;

-- ----------------------------
-- Records of t_user_role
-- ----------------------------
INSERT INTO `t_user_role` VALUES (2, 72);
INSERT INTO `t_user_role` VALUES (36, 2);
INSERT INTO `t_user_role` VALUES (12, 2);
INSERT INTO `t_user_role` VALUES (1, 72);
INSERT INTO `t_user_role` VALUES (37, 72);
INSERT INTO `t_user_role` VALUES (41, 72);
INSERT INTO `t_user_role` VALUES (42, 72);
INSERT INTO `t_user_role` VALUES (43, 72);
INSERT INTO `t_user_role` VALUES (44, 72);
INSERT INTO `t_user_role` VALUES (45, 72);
INSERT INTO `t_user_role` VALUES (46, 72);
INSERT INTO `t_user_role` VALUES (47, 72);
INSERT INTO `t_user_role` VALUES (48, 72);
INSERT INTO `t_user_role` VALUES (49, 72);
INSERT INTO `t_user_role` VALUES (50, 72);
INSERT INTO `t_user_role` VALUES (51, 72);
INSERT INTO `t_user_role` VALUES (52, 72);
INSERT INTO `t_user_role` VALUES (53, 72);
INSERT INTO `t_user_role` VALUES (54, 72);
INSERT INTO `t_user_role` VALUES (55, 72);
INSERT INTO `t_user_role` VALUES (56, 72);
INSERT INTO `t_user_role` VALUES (57, 72);
INSERT INTO `t_user_role` VALUES (58, 2);
INSERT INTO `t_user_role` VALUES (59, 72);
INSERT INTO `t_user_role` VALUES (60, 72);
INSERT INTO `t_user_role` VALUES (61, 2);
INSERT INTO `t_user_role` VALUES (62, 83);
INSERT INTO `t_user_role` VALUES (63, 83);
INSERT INTO `t_user_role` VALUES (64, 83);
INSERT INTO `t_user_role` VALUES (65, 83);
INSERT INTO `t_user_role` VALUES (66, 83);
INSERT INTO `t_user_role` VALUES (67, 83);
INSERT INTO `t_user_role` VALUES (68, 83);
INSERT INTO `t_user_role` VALUES (69, 83);
INSERT INTO `t_user_role` VALUES (70, 83);
INSERT INTO `t_user_role` VALUES (71, 83);
INSERT INTO `t_user_role` VALUES (72, 83);
INSERT INTO `t_user_role` VALUES (73, 83);
INSERT INTO `t_user_role` VALUES (74, 83);
INSERT INTO `t_user_role` VALUES (75, 83);
INSERT INTO `t_user_role` VALUES (76, 83);
INSERT INTO `t_user_role` VALUES (77, 83);
INSERT INTO `t_user_role` VALUES (78, 83);
INSERT INTO `t_user_role` VALUES (79, 83);
INSERT INTO `t_user_role` VALUES (80, 83);
INSERT INTO `t_user_role` VALUES (81, 83);
INSERT INTO `t_user_role` VALUES (82, 83);
INSERT INTO `t_user_role` VALUES (83, 83);
INSERT INTO `t_user_role` VALUES (84, 83);
INSERT INTO `t_user_role` VALUES (85, 83);
INSERT INTO `t_user_role` VALUES (86, 83);
INSERT INTO `t_user_role` VALUES (87, 83);
INSERT INTO `t_user_role` VALUES (88, 82);
INSERT INTO `t_user_role` VALUES (89, 82);
INSERT INTO `t_user_role` VALUES (90, 82);
INSERT INTO `t_user_role` VALUES (91, 82);
INSERT INTO `t_user_role` VALUES (92, 82);
INSERT INTO `t_user_role` VALUES (93, 81);
INSERT INTO `t_user_role` VALUES (35, 1);
INSERT INTO `t_user_role` VALUES (94, 2);
INSERT INTO `t_user_role` VALUES (94, 72);

SET FOREIGN_KEY_CHECKS = 1;
